news_id,period,tick,ticker,headline,body,tick,timestamp,ticker,last_price,bid_price,ask_price,BUY_ANON,SELL_ANON,BUY_LUIS-1,SELL_LUIS-1
2.0,1.0,1.0,,Aggregate Position Limit,Your CRO has set the aggregate position limit to 8000 shares for this week.,1,2026-02-01 10:14:14.426937,SPNG,24.9,24.9,25.09,1644200.0,2192900.0,0,0
1.0,1.0,1.0,,Welcome to the RITC 2026 Alogithmic Market Making Case - practice server,,1,2026-02-01 10:14:14.426937,SMMR,25.01,25.05,25.07,2018400.0,2040900.0,0,0
,,,,,,1,2026-02-01 10:14:14.426937,ATMN,0.0,25.01,25.05,2305000.0,2330400.0,0,0
,,,,,,1,2026-02-01 10:14:14.426937,WNTR,24.94,24.94,25.09,1926800.0,1996000.0,0,0
2.0,1.0,1.0,,Aggregate Position Limit,Your CRO has set the aggregate position limit to 8000 shares for this week.,2,2026-02-01 10:14:15.450439,SPNG,24.9,24.9,25.09,1737900.0,2192900.0,0,0
1.0,1.0,1.0,,Welcome to the RITC 2026 Alogithmic Market Making Case - practice server,,2,2026-02-01 10:14:15.450439,SMMR,25.01,25.05,25.07,2018400.0,2024700.0,0,0
,,,,,,2,2026-02-01 10:14:15.450439,ATMN,25.05,24.93,25.05,2185400.0,2330400.0,0,0
,,,,,,2,2026-02-01 10:14:15.450439,WNTR,24.9,24.9,25.09,1814300.0,1996000.0,0,0
2.0,1.0,1.0,,Aggregate Position Limit,Your CRO has set the aggregate position limit to 8000 shares for this week.,3,2026-02-01 10:14:16.476897,SPNG,25.1,24.9,25.1,1870200.0,2156700.0,0,0
1.0,1.0,1.0,,Welcome to the RITC 2026 Alogithmic Market Making Case - practice server,,3,2026-02-01 10:14:16.476897,SMMR,24.9,24.9,25.07,2016400.0,2027500.0,0,0
,,,,,,3,2026-02-01 10:14:16.476897,ATMN,24.7,24.72,24.87,1969000.0,2305700.0,0,0
,,,,,,3,2026-02-01 10:14:16.476897,WNTR,25.11,24.79,25.11,1843800.0,1994300.0,0,0
2.0,1.0,1.0,,Aggregate Position Limit,Your CRO has set the aggregate position limit to 8000 shares for this week.,4,2026-02-01 10:14:17.509107,SPNG,25.1,24.93,25.1,2230100.0,2156700.0,,0
1.0,1.0,1.0,,Welcome to the RITC 2026 Alogithmic Market Making Case - practice server,,4,2026-02-01 10:14:17.509107,SMMR,24.88,24.87,24.88,1918400.0,1915100.0,2500.0,0
,,,,,,4,2026-02-01 10:14:17.509107,ATMN,24.87,24.81,24.87,2244900.0,2305700.0,,0
,,,,,,4,2026-02-01 10:14:17.509107,WNTR,24.79,24.79,24.95,1968200.0,2000000.0,,0
2.0,1.0,1.0,,Aggregate Position Limit,Your CRO has set the aggregate position limit to 8000 shares for this week.,5,2026-02-01 10:14:18.551769,SPNG,25.43,24.9,25.43,2005900.0,2500.0,2185200.0,
1.0,1.0,1.0,,Welcome to the RITC 2026 Alogithmic Market Making Case - practice server,,5,2026-02-01 10:14:18.551769,SMMR,25.07,24.87,25.07,2000100.0,,2027500.0,
,,,,,,5,2026-02-01 10:14:18.551769,ATMN,24.81,24.81,24.91,2244900.0,,2319800.0,
,,,,,,5,2026-02-01 10:14:18.551769,WNTR,24.95,24.79,24.95,1997200.0,2500.0,1897400.0,2500.0
2.0,1.0,1.0,,Aggregate Position Limit,Your CRO has set the aggregate position limit to 8000 shares for this week.,6,2026-02-01 10:14:19.566990,SPNG,25.43,24.9,25.12,2106900.0,2500.0,2500.0,2054900.0
1.0,1.0,1.0,,Welcome to the RITC 2026 Alogithmic Market Making Case - practice server,,6,2026-02-01 10:14:19.566990,SMMR,25.07,24.87,24.95,1955500.0,2500.0,2500.0,1902000.0
,,,,,,6,2026-02-01 10:14:19.566990,ATMN,24.72,25.03,25.08,2223400.0,,2500.0,2194400.0
,,,,,,6,2026-02-01 10:14:19.566990,WNTR,25.11,24.79,24.95,1887400.0,5000.0,2500.0,1886500.0
2.0,1.0,1.0,,Aggregate Position Limit,Your CRO has set the aggregate position limit to 8000 shares for this week.,7,2026-02-01 10:14:20.576718,SPNG,25.43,24.9,25.22,2232000.0,2151300.0,,
1.0,1.0,1.0,,Welcome to the RITC 2026 Alogithmic Market Making Case - practice server,,7,2026-02-01 10:14:20.576718,SMMR,25.07,24.9,24.95,1937300.0,1902000.0,2500.0,2500.0
,,,,,,7,2026-02-01 10:14:20.576718,ATMN,24.72,25.03,25.08,2328000.0,2303800.0,,
,,,,,,7,2026-02-01 10:14:20.576718,WNTR,25.13,24.79,24.83,2070200.0,1966600.0,,
2.0,1.0,1.0,,Aggregate Position Limit,Your CRO has set the aggregate position limit to 8000 shares for this week.,8,2026-02-01 10:14:21.592515,SPNG,25.22,25.16,25.22,2116800.0,2500.0,2032600.0,2500.0
1.0,1.0,1.0,,Welcome to the RITC 2026 Alogithmic Market Making Case - practice server,,8,2026-02-01 10:14:21.592515,SMMR,25.08,24.9,25.08,2057500.0,,2011000.0,
,,,,,,8,2026-02-01 10:14:21.592515,ATMN,25.1,25.03,25.1,2269500.0,,2304100.0,
,,,,,,8,2026-02-01 10:14:21.592515,WNTR,25.02,25.02,25.07,2057300.0,,1957900.0,
2.0,1.0,1.0,,Aggregate Position Limit,Your CRO has set the aggregate position limit to 8000 shares for this week.,9,2026-02-01 10:14:22.614641,SPNG,24.8,24.72,24.8,2138300.0,2500.0,2014400.0,2500.0
1.0,1.0,1.0,,Welcome to the RITC 2026 Alogithmic Market Making Case - practice server,,9,2026-02-01 10:14:22.614641,SMMR,25.1,24.9,24.99,1925900.0,2500.0,2042700.0,
,,,,,,9,2026-02-01 10:14:22.614641,ATMN,25.1,25.21,25.23,2290300.0,,2298700.0,
,,,,,,9,2026-02-01 10:14:22.614641,WNTR,25.02,24.79,24.94,2070200.0,,1835400.0,2500.0
2.0,1.0,1.0,,Aggregate Position Limit,Your CRO has set the aggregate position limit to 8000 shares for this week.,10,2026-02-01 10:14:23.639752,SPNG,24.8,25.02,25.07,2262100.0,2136800.0,0,0
1.0,1.0,1.0,,Welcome to the RITC 2026 Alogithmic Market Making Case - practice server,,10,2026-02-01 10:14:23.639752,SMMR,24.99,24.89,24.99,2064600.0,2042700.0,0,0
,,,,,,10,2026-02-01 10:14:23.639752,ATMN,24.96,24.96,25.15,2300000.0,2304700.0,0,0
,,,,,,10,2026-02-01 10:14:23.639752,WNTR,25.0,25.0,25.07,2066400.0,1956600.0,0,0
2.0,1.0,1.0,,Aggregate Position Limit,Your CRO has set the aggregate position limit to 8000 shares for this week.,11,2026-02-01 10:14:24.666764,SPNG,25.02,25.02,25.07,2149300.0,2500.0,1997500.0,2500.0
1.0,1.0,1.0,,Welcome to the RITC 2026 Alogithmic Market Making Case - practice server,,11,2026-02-01 10:14:24.666764,SMMR,24.89,24.89,25.0,2064600.0,,2016300.0,
,,,,,,11,2026-02-01 10:14:24.666764,ATMN,25.04,25.04,25.15,2332200.0,,2311100.0,
,,,,,,11,2026-02-01 10:14:24.666764,WNTR,25.02,24.79,25.02,2070200.0,,1850400.0,2500.0
2.0,1.0,1.0,,Aggregate Position Limit,Your CRO has set the aggregate position limit to 8000 shares for this week.,12,2026-02-01 10:14:25.697946,SPNG,25.2,24.86,25.2,2250900.0,2161300.0,,
1.0,1.0,1.0,,Welcome to the RITC 2026 Alogithmic Market Making Case - practice server,,12,2026-02-01 10:14:25.697946,SMMR,25.1,24.87,25.1,2067200.0,2019600.0,,
,,,,,,12,2026-02-01 10:14:25.697946,ATMN,24.7,25.04,25.15,2225800.0,2177100.0,2500.0,2500.0
,,,,,,12,2026-02-01 10:14:25.697946,WNTR,25.02,24.99,25.02,2004000.0,1767300.0,2500.0,5000.0
2.0,1.0,1.0,,Aggregate Position Limit,Your CRO has set the aggregate position limit to 8000 shares for this week.,13,2026-02-01 10:14:26.731614,SPNG,24.86,24.86,25.34,2250900.0,2142100.0,0,0
1.0,1.0,1.0,,Welcome to the RITC 2026 Alogithmic Market Making Case - practice server,,13,2026-02-01 10:14:26.731614,SMMR,25.14,25.11,25.14,2069000.0,2006500.0,0,0
,,,,,,13,2026-02-01 10:14:26.731614,ATMN,25.04,25.04,25.15,2225800.0,2275100.0,0,0
,,,,,,13,2026-02-01 10:14:26.731614,WNTR,25.02,24.99,25.02,2096400.0,1956100.0,0,0
2.0,1.0,1.0,,Aggregate Position Limit,Your CRO has set the aggregate position limit to 8000 shares for this week.,14,2026-02-01 10:14:27.750787,SPNG,24.72,24.86,25.43,2500.0,2109300.0,2042900.0,2500.0
1.0,1.0,1.0,,Welcome to the RITC 2026 Alogithmic Market Making Case - practice server,,14,2026-02-01 10:14:27.750787,SMMR,25.11,25.11,25.14,,2069000.0,1974200.0,
,,,,,,14,2026-02-01 10:14:27.750787,ATMN,24.7,24.98,25.05,2500.0,2195200.0,2136900.0,2500.0
,,,,,,14,2026-02-01 10:14:27.750787,WNTR,24.99,24.79,24.89,,2072300.0,1970700.0,
2.0,1.0,1.0,,Aggregate Position Limit,Your CRO has set the aggregate position limit to 8000 shares for this week.,15,2026-02-01 10:14:28.786680,SPNG,24.72,24.86,24.92,2500.0,2136600.0,2020200.0,2500.0
1.0,1.0,1.0,,Welcome to the RITC 2026 Alogithmic Market Making Case - practice server,,15,2026-02-01 10:14:28.786680,SMMR,25.11,24.87,24.99,,2067200.0,1986500.0,
,,,,,,15,2026-02-01 10:14:28.786680,ATMN,24.98,24.98,25.05,,2325700.0,2269000.0,
,,,,,,15,2026-02-01 10:14:28.786680,WNTR,24.79,25.01,25.02,,2083900.0,1971700.0,
2.0,1.0,1.0,,Aggregate Position Limit,Your CRO has set the aggregate position limit to 8000 shares for this week.,16,2026-02-01 10:14:29.817170,SPNG,24.8,24.8,25.27,2236300.0,2142100.0,0,0
1.0,1.0,1.0,,Welcome to the RITC 2026 Alogithmic Market Making Case - practice server,,16,2026-02-01 10:14:29.817170,SMMR,24.85,24.91,25.11,2062100.0,2004700.0,0,0
,,,,,,16,2026-02-01 10:14:29.817170,ATMN,24.98,25.01,25.05,2306700.0,2263500.0,0,0
,,,,,,16,2026-02-01 10:14:29.817170,WNTR,25.01,24.79,24.97,2101500.0,1995400.0,0,0
2.0,1.0,1.0,,Aggregate Position Limit,Your CRO has set the aggregate position limit to 8000 shares for this week.,17,2026-02-01 10:14:30.846927,SPNG,24.68,24.68,25.27,2232900.0,2016300.0,2500.0,
1.0,1.0,1.0,,Welcome to the RITC 2026 Alogithmic Market Making Case - practice server,,17,2026-02-01 10:14:30.846927,SMMR,24.85,24.91,25.05,1939100.0,1869900.0,2500.0,2500.0
,,,,,,17,2026-02-01 10:14:30.846927,ATMN,25.08,24.96,25.08,2202200.0,2279900.0,,2500.0
,,,,,,17,2026-02-01 10:14:30.846927,WNTR,25.03,24.97,25.03,2009300.0,1979300.0,,2500.0
2.0,1.0,1.0,,Aggregate Position Limit,Your CRO has set the aggregate position limit to 8000 shares for this week.,18,2026-02-01 10:14:31.866440,SPNG,25.33,25.09,25.33,2124400.0,2500.0,2106000.0,
1.0,1.0,1.0,,Welcome to the RITC 2026 Alogithmic Market Making Case - practice server,,18,2026-02-01 10:14:31.866440,SMMR,25.02,24.91,24.95,1939100.0,2500.0,1872500.0,2500.0
,,,,,,18,2026-02-01 10:14:31.866440,ATMN,24.9,24.9,25.05,2334600.0,,2050100.0,5000.0
,,,,,,18,2026-02-01 10:14:31.866440,WNTR,25.08,24.97,25.06,1889300.0,5000.0,2012000.0,
2.0,1.0,1.0,,Aggregate Position Limit,Your CRO has set the aggregate position limit to 8000 shares for this week.,19,2026-02-01 10:14:32.891811,SPNG,25.09,25.09,25.33,2224100.0,2081300.0,0,0
1.0,1.0,1.0,,Welcome to the RITC 2026 Alogithmic Market Making Case - practice server,,19,2026-02-01 10:14:32.891811,SMMR,24.95,25.04,25.05,2036200.0,1988300.0,0,0
,,,,,,19,2026-02-01 10:14:32.891811,ATMN,25.09,24.97,25.09,2321300.0,2276200.0,0,0
,,,,,,19,2026-02-01 10:14:32.891811,WNTR,25.06,24.97,24.98,2119300.0,1989500.0,0,0
2.0,1.0,1.0,,Aggregate Position Limit,Your CRO has set the aggregate position limit to 8000 shares for this week.,20,2026-02-01 10:14:33.936906,SPNG,24.68,25.07,25.15,2227700.0,1960000.0,2500.0,
1.0,1.0,1.0,,Welcome to the RITC 2026 Alogithmic Market Making Case - practice server,,20,2026-02-01 10:14:33.936906,SMMR,25.08,25.08,25.09,1922900.0,2010800.0,,2500.0
,,,,,,20,2026-02-01 10:14:33.936906,ATMN,25.15,25.04,25.15,2243300.0,2165800.0,2500.0,2500.0
,,,,,,20,2026-02-01 10:14:33.936906,WNTR,25.03,24.97,25.03,2064000.0,2027000.0,,
2.0,1.0,1.0,,Aggregate Position Limit,Your CRO has set the aggregate position limit to 8000 shares for this week.,21,2026-02-01 10:14:34.971767,SPNG,24.69,24.8,25.15,2244800.0,2085400.0,0,0
1.0,1.0,1.0,,Welcome to the RITC 2026 Alogithmic Market Making Case - practice server,,21,2026-02-01 10:14:34.971767,SMMR,25.11,24.91,24.93,2079000.0,2002100.0,0,0
,,,,,,21,2026-02-01 10:14:34.971767,ATMN,25.04,25.04,25.15,2361800.0,2301000.0,0,0
,,,,,,21,2026-02-01 10:14:34.971767,WNTR,25.06,24.95,25.06,2087000.0,2012000.0,0,0
2.0,1.0,1.0,,Aggregate Position Limit,Your CRO has set the aggregate position limit to 8000 shares for this week.,22,2026-02-01 10:14:35.996819,SPNG,25.43,24.8,25.43,2244800.0,2139400.0,,0
1.0,1.0,1.0,,Welcome to the RITC 2026 Alogithmic Market Making Case - practice server,,22,2026-02-01 10:14:35.996819,SMMR,24.93,25.01,25.11,2065900.0,1994600.0,,0
,,,,,,22,2026-02-01 10:14:35.996819,ATMN,25.19,24.94,25.19,2220200.0,2282900.0,2500.0,0
,,,,,,22,2026-02-01 10:14:35.996819,WNTR,25.07,25.03,25.07,2128700.0,2034700.0,,0
2.0,1.0,1.0,,Aggregate Position Limit,Your CRO has set the aggregate position limit to 8000 shares for this week.,23,2026-02-01 10:14:37.011803,SPNG,25.43,24.87,25.34,2029800.0,5000.0,2024800.0,2500.0
1.0,1.0,1.0,,Welcome to the RITC 2026 Alogithmic Market Making Case - practice server,,23,2026-02-01 10:14:37.011803,SMMR,24.96,24.96,25.11,2077500.0,,1885400.0,2500.0
,,,,,,23,2026-02-01 10:14:37.011803,ATMN,24.9,24.9,24.97,2332600.0,,2270900.0,
,,,,,,23,2026-02-01 10:14:37.011803,WNTR,25.07,25.08,25.09,2116000.0,,2009200.0,
2.0,1.0,1.0,,Aggregate Position Limit,Your CRO has set the aggregate position limit to 8000 shares for this week.,24,2026-02-01 10:14:38.036672,SPNG,24.8,25.18,25.34,2170500.0,2500.0,5000.0,1918600.0
1.0,1.0,1.0,,Welcome to the RITC 2026 Alogithmic Market Making Case - practice server,,24,2026-02-01 10:14:38.036672,SMMR,24.88,24.88,25.01,2068700.0,,5000.0,1778800.0
,,,,,,24,2026-02-01 10:14:38.036672,ATMN,25.22,24.87,25.02,2214800.0,2500.0,,2230100.0
,,,,,,24,2026-02-01 10:14:38.036672,WNTR,24.99,25.07,25.09,1994500.0,2500.0,2500.0,1918700.0
2.0,1.0,1.0,,Aggregate Position Limit,Your CRO has set the aggregate position limit to 8000 shares for this week.,25,2026-02-01 10:14:39.071864,SPNG,25.18,25.18,25.37,2276700.0,2130700.0,0,0
1.0,1.0,1.0,,Welcome to the RITC 2026 Alogithmic Market Making Case - practice server,,25,2026-02-01 10:14:39.071864,SMMR,24.88,24.88,25.01,2068700.0,1985500.0,0,0
,,,,,,25,2026-02-01 10:14:39.071864,ATMN,25.22,24.87,25.02,2343500.0,2255100.0,0,0
,,,,,,25,2026-02-01 10:14:39.071864,WNTR,25.07,25.07,25.09,2104000.0,2009100.0,0,0
2.0,1.0,1.0,,Aggregate Position Limit,Your CRO has set the aggregate position limit to 8000 shares for this week.,26,2026-02-01 10:14:40.096815,SPNG,24.8,24.8,25.37,2155700.0,2500.0,2130700.0,
1.0,1.0,1.0,,Welcome to the RITC 2026 Alogithmic Market Making Case - practice server,,26,2026-02-01 10:14:40.096815,SMMR,24.85,24.85,24.98,2062100.0,,1974400.0,
,,,,,,26,2026-02-01 10:14:40.096815,ATMN,25.15,24.87,25.13,2221900.0,2500.0,2142700.0,2500.0
,,,,,,26,2026-02-01 10:14:40.096815,WNTR,24.95,24.95,25.09,1987500.0,2500.0,2022300.0,
2.0,1.0,1.0,,Aggregate Position Limit,Your CRO has set the aggregate position limit to 8000 shares for this week.,28,2026-02-01 10:14:41.136673,SPNG,24.69,24.69,25.43,2245300.0,2130700.0,,
1.0,1.0,1.0,,Welcome to the RITC 2026 Alogithmic Market Making Case - practice server,,28,2026-02-01 10:14:41.136673,SMMR,25.1,25.1,25.11,1940800.0,1885400.0,2500.0,2500.0
,,,,,,28,2026-02-01 10:14:41.136673,ATMN,25.15,24.8,24.86,2343800.0,2263000.0,,
,,,,,,28,2026-02-01 10:14:41.136673,WNTR,24.94,24.95,25.09,2120000.0,2022300.0,,
2.0,1.0,1.0,,Aggregate Position Limit,Your CRO has set the aggregate position limit to 8000 shares for this week.,29,2026-02-01 10:14:42.166698,SPNG,24.69,24.69,25.11,2173600.0,2500.0,2105500.0,
1.0,1.0,1.0,,Welcome to the RITC 2026 Alogithmic Market Making Case - practice server,,29,2026-02-01 10:14:42.166698,SMMR,24.85,24.85,25.06,2070300.0,,2006800.0,
,,,,,,29,2026-02-01 10:14:42.166698,ATMN,24.99,24.83,24.99,2335400.0,,2265500.0,
,,,,,,29,2026-02-01 10:14:42.166698,WNTR,25.06,25.01,25.06,2009100.0,2500.0,1931700.0,2500.0
2.0,1.0,1.0,,Aggregate Position Limit,Your CRO has set the aggregate position limit to 8000 shares for this week.,30,2026-02-01 10:14:43.191850,SPNG,25.31,25.05,25.31,2140000.0,2500.0,2100600.0,
1.0,1.0,1.0,,Welcome to the RITC 2026 Alogithmic Market Making Case - practice server,,30,2026-02-01 10:14:43.191850,SMMR,24.83,24.83,25.06,2067500.0,,1890100.0,2500.0
,,,,,,30,2026-02-01 10:14:43.191850,ATMN,24.99,24.83,24.99,2222500.0,2500.0,2137600.0,2500.0
,,,,,,30,2026-02-01 10:14:43.191850,WNTR,25.06,25.01,25.06,1929700.0,5000.0,1860300.0,5000.0
2.0,1.0,1.0,,Aggregate Position Limit,Your CRO has set the aggregate position limit to 8000 shares for this week.,31,2026-02-01 10:14:44.236946,SPNG,25.43,24.69,25.43,2174100.0,2500.0,2112300.0,
1.0,1.0,1.0,,Welcome to the RITC 2026 Alogithmic Market Making Case - practice server,,31,2026-02-01 10:14:44.236946,SMMR,24.83,24.83,25.06,1955000.0,2500.0,1828100.0,5000.0
,,,,,,31,2026-02-01 10:14:44.236946,ATMN,24.8,24.8,24.99,2371100.0,,1986200.0,5000.0
,,,,,,31,2026-02-01 10:14:44.236946,WNTR,24.95,25.01,25.09,2010500.0,2500.0,1840500.0,5000.0
2.0,1.0,1.0,,Aggregate Position Limit,Your CRO has set the aggregate position limit to 8000 shares for this week.,32,2026-02-01 10:14:45.276788,SPNG,24.5,24.5,25.52,2243800.0,2114700.0,,
1.0,1.0,1.0,,Welcome to the RITC 2026 Alogithmic Market Making Case - practice server,,32,2026-02-01 10:14:45.276788,SMMR,24.83,24.92,25.03,1793700.0,1760200.0,5000.0,7500.0
,,,,,,32,2026-02-01 10:14:45.276788,ATMN,24.76,24.76,25.15,2352200.0,2087100.0,,2500.0
,,,,,,32,2026-02-01 10:14:45.276788,WNTR,25.12,24.94,25.12,2137500.0,2060400.0,,
2.0,1.0,1.0,,Aggregate Position Limit,Your CRO has set the aggregate position limit to 8000 shares for this week.,33,2026-02-01 10:14:46.299934,SPNG,24.99,24.5,24.68,2144700.0,2500.0,2015000.0,2500.0
1.0,1.0,1.0,,Welcome to the RITC 2026 Alogithmic Market Making Case - practice server,,33,2026-02-01 10:14:46.299934,SMMR,25.06,24.87,25.06,1803100.0,5000.0,1884100.0,2500.0
,,,,,,33,2026-02-01 10:14:46.299934,ATMN,24.74,24.76,25.15,2221700.0,2500.0,1961700.0,5000.0
,,,,,,33,2026-02-01 10:14:46.299934,WNTR,24.94,25.02,25.04,2031600.0,2500.0,1947800.0,2500.0
2.0,1.0,1.0,,Aggregate Position Limit,Your CRO has set the aggregate position limit to 8000 shares for this week.,34,2026-02-01 10:14:47.316728,SPNG,24.68,24.61,24.68,2254100.0,2120000.0,,
1.0,1.0,1.0,,Welcome to the RITC 2026 Alogithmic Market Making Case - practice server,,34,2026-02-01 10:14:47.316728,SMMR,24.87,24.83,24.87,1945700.0,1887700.0,2500.0,2500.0
,,,,,,34,2026-02-01 10:14:47.316728,ATMN,24.7,24.7,25.15,2335300.0,2206600.0,,
,,,,,,34,2026-02-01 10:14:47.316728,WNTR,25.12,25.02,25.12,2141100.0,2066800.0,,
2.0,1.0,1.0,,Aggregate Position Limit,Your CRO has set the aggregate position limit to 8000 shares for this week.,35,2026-02-01 10:14:48.339437,SPNG,24.84,24.84,25.52,2146900.0,2500.0,2114700.0,
1.0,1.0,1.0,,Welcome to the RITC 2026 Alogithmic Market Making Case - practice server,,35,2026-02-01 10:14:48.339437,SMMR,25.07,24.93,25.07,2053700.0,,1971700.0,
,,,,,,35,2026-02-01 10:14:48.339437,ATMN,25.08,24.7,24.79,2335300.0,,2233200.0,
,,,,,,35,2026-02-01 10:14:48.339437,WNTR,24.97,25.04,25.05,2151800.0,,1997600.0,2500.0
2.0,1.0,1.0,,Aggregate Position Limit,Your CRO has set the aggregate position limit to 8000 shares for this week.,36,2026-02-01 10:14:49.376846,SPNG,24.84,25.18,25.52,2035700.0,5000.0,1978400.0,2500.0
1.0,1.0,1.0,,Welcome to the RITC 2026 Alogithmic Market Making Case - practice server,,36,2026-02-01 10:14:49.376846,SMMR,24.93,24.93,25.07,1859200.0,5000.0,2008100.0,
,,,,,,36,2026-02-01 10:14:49.376846,ATMN,24.79,25.0,25.15,2323000.0,,2206600.0,
,,,,,,36,2026-02-01 10:14:49.376846,WNTR,25.05,25.02,25.05,2156500.0,,1997600.0,2500.0
2.0,1.0,1.0,,Aggregate Position Limit,Your CRO has set the aggregate position limit to 8000 shares for this week.,37,2026-02-01 10:14:50.386728,SPNG,25.18,24.84,25.12,2256600.0,2087600.0,0,0
1.0,1.0,1.0,,Welcome to the RITC 2026 Alogithmic Market Making Case - practice server,,37,2026-02-01 10:14:50.386728,SMMR,25.11,24.93,25.11,2070200.0,1958100.0,0,0
,,,,,,37,2026-02-01 10:14:50.386728,ATMN,25.0,25.0,25.15,2323000.0,2211900.0,0,0
,,,,,,37,2026-02-01 10:14:50.386728,WNTR,24.93,24.93,25.12,2142800.0,2093300.0,0,0
2.0,1.0,1.0,,Aggregate Position Limit,Your CRO has set the aggregate position limit to 8000 shares for this week.,38,2026-02-01 10:14:51.420422,SPNG,25.18,24.84,25.12,2304600.0,2087600.0,,0
1.0,1.0,1.0,,Welcome to the RITC 2026 Alogithmic Market Making Case - practice server,,38,2026-02-01 10:14:51.420422,SMMR,24.91,24.91,25.11,2071700.0,1958100.0,,0
,,,,,,38,2026-02-01 10:14:51.420422,ATMN,25.0,24.69,24.76,2291300.0,2218500.0,,0
,,,,,,38,2026-02-01 10:14:51.420422,WNTR,24.93,25.03,25.12,2042900.0,2099900.0,2500.0,0
2.0,1.0,1.0,,Aggregate Position Limit,Your CRO has set the aggregate position limit to 8000 shares for this week.,39,2026-02-01 10:14:52.466750,SPNG,25.18,24.85,25.04,2156800.0,2500.0,2004000.0,2500.0
1.0,1.0,1.0,,Welcome to the RITC 2026 Alogithmic Market Making Case - practice server,,39,2026-02-01 10:14:52.466750,SMMR,24.97,24.91,24.97,1963600.0,2500.0,1866300.0,2500.0
,,,,,,39,2026-02-01 10:14:52.466750,ATMN,24.67,24.69,24.76,2146400.0,2500.0,2102500.0,2500.0
,,,,,,39,2026-02-01 10:14:52.466750,WNTR,24.91,24.91,25.05,2116800.0,,1992900.0,2500.0
2.0,1.0,1.0,,Aggregate Position Limit,Your CRO has set the aggregate position limit to 8000 shares for this week.,40,2026-02-01 10:14:53.500500,SPNG,24.82,24.82,25.04,2294000.0,2106600.0,,0
1.0,1.0,1.0,,Welcome to the RITC 2026 Alogithmic Market Making Case - practice server,,40,2026-02-01 10:14:53.500500,SMMR,24.82,24.91,24.97,1951700.0,1941500.0,2500.0,0
,,,,,,40,2026-02-01 10:14:53.500500,ATMN,24.67,24.72,24.76,2243100.0,2200300.0,,0
,,,,,,40,2026-02-01 10:14:53.500500,WNTR,25.12,24.91,25.12,2116800.0,2099900.0,,0
2.0,1.0,1.0,,Aggregate Position Limit,Your CRO has set the aggregate position limit to 8000 shares for this week.,41,2026-02-01 10:14:54.532388,SPNG,25.12,25.05,25.12,2153900.0,2500.0,2087600.0,0
1.0,1.0,1.0,,Welcome to the RITC 2026 Alogithmic Market Making Case - practice server,,41,2026-02-01 10:14:54.532388,SMMR,24.82,24.82,24.97,2070800.0,,1941500.0,0
,,,,,,41,2026-02-01 10:14:54.532388,ATMN,24.8,24.63,24.8,2215100.0,,2184900.0,0
,,,,,,41,2026-02-01 10:14:54.532388,WNTR,25.09,25.09,25.12,2019800.0,2500.0,2099900.0,0
2.0,1.0,1.0,,Aggregate Position Limit,Your CRO has set the aggregate position limit to 8000 shares for this week.,42,2026-02-01 10:14:55.560419,SPNG,25.54,25.05,25.12,2031600.0,5000.0,2500.0,2007900.0
1.0,1.0,1.0,,Welcome to the RITC 2026 Alogithmic Market Making Case - practice server,,42,2026-02-01 10:14:55.560419,SMMR,24.82,24.86,24.97,1948200.0,2500.0,2500.0,1851500.0
,,,,,,42,2026-02-01 10:14:55.560419,ATMN,24.62,24.62,24.89,2230800.0,,2500.0,2105400.0
,,,,,,42,2026-02-01 10:14:55.560419,WNTR,24.93,24.93,25.12,2009700.0,2500.0,,2081500.0
2.0,1.0,1.0,,Aggregate Position Limit,Your CRO has set the aggregate position limit to 8000 shares for this week.,43,2026-02-01 10:14:56.587920,SPNG,24.72,24.8,25.41,2500.0,2182400.0,2112900.0,
1.0,1.0,1.0,,Welcome to the RITC 2026 Alogithmic Market Making Case - practice server,,43,2026-02-01 10:14:56.587920,SMMR,25.01,24.86,24.94,5000.0,1833000.0,1953400.0,
,,,,,,43,2026-02-01 10:14:56.587920,ATMN,24.58,24.58,24.89,2500.0,2128600.0,2022600.0,5000.0
,,,,,,43,2026-02-01 10:14:56.587920,WNTR,24.91,24.91,25.12,5000.0,1916100.0,1971400.0,2500.0
2.0,1.0,1.0,,Aggregate Position Limit,Your CRO has set the aggregate position limit to 8000 shares for this week.,44,2026-02-01 10:14:57.596871,SPNG,25.41,24.8,25.41,2500.0,2193800.0,2007900.0,2500.0
1.0,1.0,1.0,,Welcome to the RITC 2026 Alogithmic Market Making Case - practice server,,44,2026-02-01 10:14:57.596871,SMMR,25.01,24.86,24.94,7500.0,1726000.0,1875500.0,2500.0
,,,,,,44,2026-02-01 10:14:57.596871,ATMN,24.89,24.9,25.16,5000.0,2001400.0,2225400.0,
,,,,,,44,2026-02-01 10:14:57.596871,WNTR,25.14,24.91,25.05,7500.0,1806600.0,1959800.0,2500.0
2.0,1.0,1.0,,Aggregate Position Limit,Your CRO has set the aggregate position limit to 8000 shares for this week.,45,2026-02-01 10:14:58.616463,SPNG,25.41,25.06,25.25,2084900.0,5000.0,1890300.0,5000.0
1.0,1.0,1.0,,Welcome to the RITC 2026 Alogithmic Market Making Case - practice server,,45,2026-02-01 10:14:58.616463,SMMR,25.01,24.93,24.94,1634500.0,10000.0,1815200.0,5000.0
,,,,,,45,2026-02-01 10:14:58.616463,ATMN,24.9,24.9,24.96,1902100.0,7500.0,2108600.0,2500.0
,,,,,,45,2026-02-01 10:14:58.616463,WNTR,25.05,24.78,25.05,2024600.0,2500.0,1959800.0,2500.0
2.0,1.0,1.0,,Aggregate Position Limit,Your CRO has set the aggregate position limit to 8000 shares for this week.,46,2026-02-01 10:14:59.626690,SPNG,25.06,25.06,25.08,2314700.0,2114400.0,0,0
1.0,1.0,1.0,,Welcome to the RITC 2026 Alogithmic Market Making Case - practice server,,46,2026-02-01 10:14:59.626690,SMMR,24.94,24.93,24.94,2063100.0,1980800.0,0,0
,,,,,,46,2026-02-01 10:14:59.626690,ATMN,24.9,24.58,24.81,2241900.0,2214800.0,0,0
,,,,,,46,2026-02-01 10:14:59.626690,WNTR,24.77,24.77,24.99,2160900.0,2053100.0,0,0
2.0,1.0,1.0,,Aggregate Position Limit,Your CRO has set the aggregate position limit to 8000 shares for this week.,47,2026-02-01 10:15:00.647053,SPNG,24.82,24.72,24.82,2193800.0,2500.0,2125100.0,
1.0,1.0,1.0,,Welcome to the RITC 2026 Alogithmic Market Making Case - practice server,,47,2026-02-01 10:15:00.647053,SMMR,24.86,24.86,24.97,2049300.0,,1988700.0,
,,,,,,47,2026-02-01 10:15:00.647053,ATMN,24.91,24.58,24.91,2123000.0,2500.0,2247000.0,
,,,,,,47,2026-02-01 10:15:00.647053,WNTR,24.76,24.77,24.99,2048200.0,2500.0,1865800.0,5000.0
2.0,1.0,1.0,,Aggregate Position Limit,Your CRO has set the aggregate position limit to 8000 shares for this week.,48,2026-02-01 10:15:01.661558,SPNG,25.08,24.72,25.08,2179400.0,2500.0,2114400.0,
1.0,1.0,1.0,,Welcome to the RITC 2026 Alogithmic Market Making Case - practice server,,48,2026-02-01 10:15:01.661558,SMMR,24.97,24.9,24.97,2052500.0,,1901400.0,2500.0
,,,,,,48,2026-02-01 10:15:01.661558,ATMN,24.96,24.85,24.96,2003200.0,5000.0,2236300.0,
,,,,,,48,2026-02-01 10:15:01.661558,WNTR,24.76,24.92,24.97,1935900.0,5000.0,1782200.0,7500.0
2.0,1.0,1.0,,Aggregate Position Limit,Your CRO has set the aggregate position limit to 8000 shares for this week.,49,2026-02-01 10:15:02.676997,SPNG,25.13,25.13,25.25,2299400.0,2115600.0,,0
1.0,1.0,1.0,,Welcome to the RITC 2026 Alogithmic Market Making Case - practice server,,49,2026-02-01 10:15:02.676997,SMMR,25.12,24.9,25.12,2050500.0,1982100.0,,0
,,,,,,49,2026-02-01 10:15:02.676997,ATMN,24.85,24.58,24.7,2122400.0,2256400.0,2500.0,0
,,,,,,49,2026-02-01 10:15:02.676997,WNTR,24.92,24.76,24.85,2155800.0,2063700.0,,0
2.0,1.0,1.0,,Aggregate Position Limit,Your CRO has set the aggregate position limit to 8000 shares for this week.,50,2026-02-01 10:15:03.717259,SPNG,24.99,25.11,25.25,2283600.0,2115600.0,,
1.0,1.0,1.0,,Welcome to the RITC 2026 Alogithmic Market Making Case - practice server,,50,2026-02-01 10:15:03.717259,SMMR,24.97,24.9,24.97,1929400.0,1878900.0,2500.0,2500.0
,,,,,,50,2026-02-01 10:15:03.717259,ATMN,24.7,24.93,24.94,2259700.0,2233100.0,,
,,,,,,50,2026-02-01 10:15:03.717259,WNTR,24.76,24.76,24.85,1906900.0,1948200.0,5000.0,2500.0
2.0,1.0,1.0,,Aggregate Position Limit,Your CRO has set the aggregate position limit to 8000 shares for this week.,51,2026-02-01 10:15:04.742106,SPNG,24.95,24.95,25.25,2305100.0,2011000.0,2500.0,
1.0,1.0,1.0,,Welcome to the RITC 2026 Alogithmic Market Making Case - practice server,,51,2026-02-01 10:15:04.742106,SMMR,24.9,24.9,24.97,1828600.0,1788900.0,5000.0,5000.0
,,,,,,51,2026-02-01 10:15:04.742106,ATMN,24.93,24.58,24.67,2147900.0,2134500.0,2500.0,2500.0
,,,,,,51,2026-02-01 10:15:04.742106,WNTR,24.75,24.75,24.85,2124400.0,1845800.0,5000.0,
2.0,1.0,1.0,,Aggregate Position Limit,Your CRO has set the aggregate position limit to 8000 shares for this week.,52,2026-02-01 10:15:05.767047,SPNG,24.89,24.89,25.25,2302500.0,2134300.0,,0
1.0,1.0,1.0,,Welcome to the RITC 2026 Alogithmic Market Making Case - practice server,,52,2026-02-01 10:15:05.767047,SMMR,24.95,24.95,24.97,2035600.0,1962100.0,,0
,,,,,,52,2026-02-01 10:15:05.767047,ATMN,24.57,24.57,24.94,2275600.0,2093800.0,2500.0,0
,,,,,,52,2026-02-01 10:15:05.767047,WNTR,24.81,24.81,24.97,2132900.0,2069400.0,,0
2.0,1.0,1.0,,Aggregate Position Limit,Your CRO has set the aggregate position limit to 8000 shares for this week.,53,2026-02-01 10:15:06.779167,SPNG,24.89,24.68,24.85,2257600.0,2048500.0,2500.0,
1.0,1.0,1.0,,Welcome to the RITC 2026 Alogithmic Market Making Case - practice server,,53,2026-02-01 10:15:06.779167,SMMR,24.94,24.94,24.97,2041100.0,1965800.0,,
,,,,,,53,2026-02-01 10:15:06.779167,ATMN,24.56,24.56,24.94,2154900.0,2117800.0,2500.0,2500.0
,,,,,,53,2026-02-01 10:15:06.779167,WNTR,24.97,24.75,24.97,2141200.0,1927200.0,2500.0,
2.0,1.0,1.0,,Aggregate Position Limit,Your CRO has set the aggregate position limit to 8000 shares for this week.,54,2026-02-01 10:15:07.796684,SPNG,25.25,24.68,25.25,2161500.0,2500.0,2018400.0,2500.0
1.0,1.0,1.0,,Welcome to the RITC 2026 Alogithmic Market Making Case - practice server,,54,2026-02-01 10:15:07.796684,SMMR,24.83,24.83,25.07,2049000.0,,1858400.0,2500.0
,,,,,,54,2026-02-01 10:15:07.796684,ATMN,24.84,24.84,24.94,2030600.0,5000.0,2021500.0,5000.0
,,,,,,54,2026-02-01 10:15:07.796684,WNTR,24.7,24.7,24.97,2023100.0,2500.0,1927200.0,2500.0
2.0,1.0,1.0,,Aggregate Position Limit,Your CRO has set the aggregate position limit to 8000 shares for this week.,58,2026-02-01 10:15:38.876743,SPNG,25.71,25.71,25.72,2134800.0,2018400.0,,0
1.0,1.0,1.0,,Welcome to the RITC 2026 Alogithmic Market Making Case - practice server,,58,2026-02-01 10:15:38.876743,SMMR,25.18,25.24,25.31,2117900.0,1977000.0,,0
,,,,,,58,2026-02-01 10:15:38.876743,ATMN,25.61,25.26,25.48,2271700.0,2159600.0,,0
,,,,,,58,2026-02-01 10:15:38.876743,WNTR,24.49,24.39,24.45,2056000.0,2064800.0,2500.0,0
2.0,1.0,1.0,,Aggregate Position Limit,Your CRO has set the aggregate position limit to 8000 shares for this week.,97,2026-02-01 10:15:51.027349,SPNG,25.9,25.25,25.9,2118900.0,2018400.0,,0
1.0,1.0,1.0,,Welcome to the RITC 2026 Alogithmic Market Making Case - practice server,,97,2026-02-01 10:15:51.027349,SMMR,25.2,25.2,25.28,2084500.0,1962600.0,,0
,,,,,,97,2026-02-01 10:15:51.027349,ATMN,25.73,25.16,25.73,2271700.0,2152400.0,,0
,,,,,,97,2026-02-01 10:15:51.027349,WNTR,24.48,24.48,24.69,2085300.0,2046100.0,2500.0,0
2.0,1.0,1.0,,Aggregate Position Limit,Your CRO has set the aggregate position limit to 8000 shares for this week.,98,2026-02-01 10:15:52.140049,SPNG,25.7,25.7,25.71,2113500.0,2027700.0,,0
1.0,1.0,1.0,,Welcome to the RITC 2026 Alogithmic Market Making Case - practice server,,98,2026-02-01 10:15:52.140049,SMMR,25.17,25.17,25.27,2088100.0,1992900.0,,0
,,,,,,98,2026-02-01 10:15:52.140049,ATMN,25.75,25.16,25.75,2279800.0,2154100.0,,0
,,,,,,98,2026-02-01 10:15:52.140049,WNTR,24.69,24.54,24.69,2074200.0,2038600.0,2500.0,0
2.0,1.0,1.0,,Aggregate Position Limit,Your CRO has set the aggregate position limit to 8000 shares for this week.,99,2026-02-01 10:15:53.166700,SPNG,25.71,25.25,25.71,2111700.0,2027700.0,,0
1.0,1.0,1.0,,Welcome to the RITC 2026 Alogithmic Market Making Case - practice server,,99,2026-02-01 10:15:53.166700,SMMR,25.29,25.17,25.29,2088100.0,1964500.0,,0
,,,,,,99,2026-02-01 10:15:53.166700,ATMN,25.76,25.34,25.76,2301600.0,2174600.0,,0
,,,,,,99,2026-02-01 10:15:53.166700,WNTR,24.71,24.61,24.71,2070500.0,2047900.0,2500.0,0
2.0,1.0,1.0,,Aggregate Position Limit,Your CRO has set the aggregate position limit to 8000 shares for this week.,100,2026-02-01 10:15:54.192309,SPNG,25.25,25.43,25.71,2116900.0,2042100.0,,0
1.0,1.0,1.0,,Welcome to the RITC 2026 Alogithmic Market Making Case - practice server,,100,2026-02-01 10:15:54.192309,SMMR,25.16,25.15,25.16,2042000.0,1986200.0,,0
,,,,,,100,2026-02-01 10:15:54.192309,ATMN,25.76,25.34,25.44,2301600.0,2202500.0,,0
,,,,,,100,2026-02-01 10:15:54.192309,WNTR,24.61,24.61,24.71,2070500.0,2004800.0,2500.0,0
2.0,1.0,1.0,,Aggregate Position Limit,Your CRO has set the aggregate position limit to 8000 shares for this week.,101,2026-02-01 10:15:55.222275,SPNG,25.71,25.73,25.8,2104100.0,2033700.0,,0
1.0,1.0,1.0,,Welcome to the RITC 2026 Alogithmic Market Making Case - practice server,,101,2026-02-01 10:15:55.222275,SMMR,25.29,25.23,25.29,2035800.0,1976700.0,,0
,,,,,,101,2026-02-01 10:15:55.222275,ATMN,25.34,25.34,25.51,2301600.0,2182800.0,,0
,,,,,,101,2026-02-01 10:15:55.222275,WNTR,24.51,24.52,24.72,2033600.0,2016800.0,2500.0,0
2.0,1.0,1.0,,Aggregate Position Limit,Your CRO has set the aggregate position limit to 8000 shares for this week.,102,2026-02-01 10:15:56.245776,SPNG,25.71,25.73,25.79,2104100.0,2048400.0,,0
1.0,1.0,1.0,,Welcome to the RITC 2026 Alogithmic Market Making Case - practice server,,102,2026-02-01 10:15:56.245776,SMMR,25.23,25.23,25.29,2035800.0,1968000.0,,0
,,,,,,102,2026-02-01 10:15:56.245776,ATMN,25.51,25.61,25.65,2259300.0,2180900.0,,0
,,,,,,102,2026-02-01 10:15:56.245776,WNTR,24.51,24.55,24.59,2056300.0,2005600.0,2500.0,0
2.0,1.0,1.0,,Aggregate Position Limit,Your CRO has set the aggregate position limit to 8000 shares for this week.,103,2026-02-01 10:15:57.262579,SPNG,25.8,25.43,25.77,2116900.0,2030300.0,,0
1.0,1.0,1.0,,Welcome to the RITC 2026 Alogithmic Market Making Case - practice server,,103,2026-02-01 10:15:57.262579,SMMR,25.09,25.09,25.29,1959600.0,1968000.0,,0
,,,,,,103,2026-02-01 10:15:57.262579,ATMN,25.76,25.13,25.76,2259600.0,2176900.0,,0
,,,,,,103,2026-02-01 10:15:57.262579,WNTR,24.59,24.66,24.72,2118900.0,2016800.0,2500.0,0
2.0,1.0,1.0,,Aggregate Position Limit,Your CRO has set the aggregate position limit to 8000 shares for this week.,104,2026-02-01 10:15:58.282611,SPNG,25.8,25.43,25.77,2071600.0,2030300.0,,0
1.0,1.0,1.0,,Welcome to the RITC 2026 Alogithmic Market Making Case - practice server,,104,2026-02-01 10:15:58.282611,SMMR,25.09,25.09,25.29,1964600.0,1968000.0,,0
,,,,,,104,2026-02-01 10:15:58.282611,ATMN,25.2,25.28,25.39,2258900.0,2183700.0,,0
,,,,,,104,2026-02-01 10:15:58.282611,WNTR,24.72,24.66,24.69,2118900.0,1966900.0,2500.0,0
2.0,1.0,1.0,,Aggregate Position Limit,Your CRO has set the aggregate position limit to 8000 shares for this week.,105,2026-02-01 10:15:59.314211,SPNG,25.43,25.43,25.8,2071600.0,2037700.0,,0
1.0,1.0,1.0,,Welcome to the RITC 2026 Alogithmic Market Making Case - practice server,,105,2026-02-01 10:15:59.314211,SMMR,25.09,25.25,25.29,2090900.0,1968000.0,,0
,,,,,,105,2026-02-01 10:15:59.314211,ATMN,25.2,25.32,25.39,2243600.0,2183700.0,,0
,,,,,,105,2026-02-01 10:15:59.314211,WNTR,24.72,24.66,24.72,2138800.0,1982700.0,2500.0,0
2.0,1.0,1.0,,Aggregate Position Limit,Your CRO has set the aggregate position limit to 8000 shares for this week.,106,2026-02-01 10:16:00.332353,SPNG,25.69,25.74,25.8,2060200.0,2029700.0,,0
1.0,1.0,1.0,,Welcome to the RITC 2026 Alogithmic Market Making Case - practice server,,106,2026-02-01 10:16:00.332353,SMMR,25.31,25.25,25.31,2090900.0,1939900.0,,0
,,,,,,106,2026-02-01 10:16:00.332353,ATMN,25.76,25.32,25.39,2243600.0,2187600.0,,0
,,,,,,106,2026-02-01 10:16:00.332353,WNTR,24.73,24.72,24.73,2167500.0,2005000.0,2500.0,0
2.0,1.0,1.0,,Aggregate Position Limit,Your CRO has set the aggregate position limit to 8000 shares for this week.,107,2026-02-01 10:16:01.362876,SPNG,25.27,25.78,25.8,2049900.0,2056400.0,,0
1.0,1.0,1.0,,Welcome to the RITC 2026 Alogithmic Market Making Case - practice server,,107,2026-02-01 10:16:01.362876,SMMR,25.25,25.09,25.2,2073800.0,1939000.0,,0
,,,,,,107,2026-02-01 10:16:01.362876,ATMN,25.76,25.32,25.76,2238800.0,2176900.0,,0
,,,,,,107,2026-02-01 10:16:01.362876,WNTR,24.73,24.72,24.73,2157500.0,1990800.0,2500.0,0
2.0,1.0,1.0,,Aggregate Position Limit,Your CRO has set the aggregate position limit to 8000 shares for this week.,108,2026-02-01 10:16:02.442586,SPNG,25.78,25.78,25.8,2049900.0,2041400.0,,0
1.0,1.0,1.0,,Welcome to the RITC 2026 Alogithmic Market Making Case - practice server,,108,2026-02-01 10:16:02.442586,SMMR,25.25,25.16,25.2,2105700.0,1939000.0,,0
,,,,,,108,2026-02-01 10:16:02.442586,ATMN,25.76,25.32,25.76,2242300.0,2202200.0,,0
,,,,,,108,2026-02-01 10:16:02.442586,WNTR,24.73,24.72,24.73,2164200.0,1973600.0,2500.0,0
2.0,1.0,1.0,,Aggregate Position Limit,Your CRO has set the aggregate position limit to 8000 shares for this week.,109,2026-02-01 10:16:03.482688,SPNG,25.88,25.25,25.88,2094200.0,2039500.0,0,0
1.0,1.0,1.0,,Welcome to the RITC 2026 Alogithmic Market Making Case - practice server,,109,2026-02-01 10:16:03.482688,SMMR,25.07,25.07,25.32,2086500.0,1976200.0,0,0
,,,,,,109,2026-02-01 10:16:03.482688,ATMN,25.34,25.38,25.76,2250100.0,2202200.0,0,0
,,,,,,109,2026-02-01 10:16:03.482688,WNTR,24.74,24.72,24.74,2128600.0,2121500.0,0,0
2.0,1.0,1.0,,Aggregate Position Limit,Your CRO has set the aggregate position limit to 8000 shares for this week.,110,2026-02-01 10:16:04.527538,SPNG,25.68,25.68,25.77,2084500.0,2045000.0,0,0
1.0,1.0,1.0,,Welcome to the RITC 2026 Alogithmic Market Making Case - practice server,,110,2026-02-01 10:16:04.527538,SMMR,25.07,25.23,25.32,2091100.0,1976200.0,0,0
,,,,,,110,2026-02-01 10:16:04.527538,ATMN,25.53,25.38,25.53,2230400.0,2237600.0,0,0
,,,,,,110,2026-02-01 10:16:04.527538,WNTR,24.76,24.72,24.76,2138700.0,2115500.0,0,0
2.0,1.0,1.0,,Aggregate Position Limit,Your CRO has set the aggregate position limit to 8000 shares for this week.,112,2026-02-01 10:16:05.562712,SPNG,25.2,25.2,25.77,2141400.0,2060100.0,0,0
1.0,1.0,1.0,,Welcome to the RITC 2026 Alogithmic Market Making Case - practice server,,112,2026-02-01 10:16:05.562712,SMMR,25.07,25.23,25.32,2077300.0,1976200.0,0,0
,,,,,,112,2026-02-01 10:16:05.562712,ATMN,25.38,25.38,25.44,2230400.0,2242100.0,0,0
,,,,,,112,2026-02-01 10:16:05.562712,WNTR,24.77,24.78,24.8,2122100.0,2068700.0,0,0
2.0,1.0,1.0,,Aggregate Position Limit,Your CRO has set the aggregate position limit to 8000 shares for this week.,113,2026-02-01 10:16:06.610282,SPNG,25.2,25.69,25.77,2094100.0,2064800.0,0,0
1.0,1.0,1.0,,Welcome to the RITC 2026 Alogithmic Market Making Case - practice server,,113,2026-02-01 10:16:06.610282,SMMR,25.27,25.2,25.27,2095300.0,1974100.0,0,0
,,,,,,113,2026-02-01 10:16:06.610282,ATMN,25.29,25.29,25.44,2262900.0,2242100.0,0,0
,,,,,,113,2026-02-01 10:16:06.610282,WNTR,24.81,24.72,24.81,2130400.0,2052100.0,0,0
2.0,1.0,1.0,,Aggregate Position Limit,Your CRO has set the aggregate position limit to 8000 shares for this week.,114,2026-02-01 10:16:07.642319,SPNG,25.88,25.2,25.88,2111300.0,2072900.0,0,0
1.0,1.0,1.0,,Welcome to the RITC 2026 Alogithmic Market Making Case - practice server,,114,2026-02-01 10:16:07.642319,SMMR,25.32,25.2,25.32,2071800.0,1987400.0,0,0
,,,,,,114,2026-02-01 10:16:07.642319,ATMN,25.29,25.39,25.44,2249800.0,2220000.0,0,0
,,,,,,114,2026-02-01 10:16:07.642319,WNTR,24.82,24.72,24.82,2130400.0,2041000.0,0,0
2.0,1.0,1.0,,Aggregate Position Limit,Your CRO has set the aggregate position limit to 8000 shares for this week.,115,2026-02-01 10:16:08.673738,SPNG,25.9,25.9,25.92,2075200.0,2080800.0,0,0
1.0,1.0,1.0,,Welcome to the RITC 2026 Alogithmic Market Making Case - practice server,,115,2026-02-01 10:16:08.673738,SMMR,25.32,25.2,25.22,2064100.0,1965600.0,0,0
,,,,,,115,2026-02-01 10:16:08.673738,ATMN,25.39,25.39,25.44,2263200.0,2236400.0,0,0
,,,,,,115,2026-02-01 10:16:08.673738,WNTR,24.68,24.68,24.82,2125600.0,2041000.0,0,0
2.0,1.0,1.0,,Aggregate Position Limit,Your CRO has set the aggregate position limit to 8000 shares for this week.,116,2026-02-01 10:16:09.702537,SPNG,25.92,25.2,25.92,2101100.0,2080800.0,0,0
1.0,1.0,1.0,,Welcome to the RITC 2026 Alogithmic Market Making Case - practice server,,116,2026-02-01 10:16:09.702537,SMMR,25.2,25.2,25.3,2064100.0,1985900.0,0,0
,,,,,,116,2026-02-01 10:16:09.702537,ATMN,25.54,25.39,25.54,2263200.0,2208200.0,0,0
,,,,,,116,2026-02-01 10:16:09.702537,WNTR,24.82,24.78,24.82,2083500.0,2041000.0,0,0
2.0,1.0,1.0,,Aggregate Position Limit,Your CRO has set the aggregate position limit to 8000 shares for this week.,117,2026-02-01 10:16:10.744687,SPNG,25.92,25.24,25.92,2101900.0,2063700.0,0,0
1.0,1.0,1.0,,Welcome to the RITC 2026 Alogithmic Market Making Case - practice server,,117,2026-02-01 10:16:10.744687,SMMR,25.3,25.21,25.3,2061400.0,1985900.0,0,0
,,,,,,117,2026-02-01 10:16:10.744687,ATMN,25.54,25.29,25.54,2253500.0,2241000.0,0,0
,,,,,,117,2026-02-01 10:16:10.744687,WNTR,24.78,24.78,24.82,2083500.0,2026500.0,0,0
2.0,1.0,1.0,,Aggregate Position Limit,Your CRO has set the aggregate position limit to 8000 shares for this week.,118,2026-02-01 10:16:11.782476,SPNG,25.92,25.34,25.92,2065700.0,2072200.0,0,0
1.0,1.0,1.0,,Welcome to the RITC 2026 Alogithmic Market Making Case - practice server,,118,2026-02-01 10:16:11.782476,SMMR,25.33,25.21,25.33,2063300.0,2004600.0,0,0
,,,,,,118,2026-02-01 10:16:11.782476,ATMN,25.56,25.76,25.85,2257300.0,2227400.0,0,0
,,,,,,118,2026-02-01 10:16:11.782476,WNTR,24.78,24.78,24.82,2071600.0,2049300.0,0,0
2.0,1.0,1.0,,Aggregate Position Limit,Your CRO has set the aggregate position limit to 8000 shares for this week.,119,2026-02-01 10:16:12.810859,SPNG,25.92,25.57,25.92,2067600.0,2072200.0,0,0
1.0,1.0,1.0,,Welcome to the RITC 2026 Alogithmic Market Making Case - practice server,,119,2026-02-01 10:16:12.810859,SMMR,25.11,25.11,25.24,2089700.0,2008100.0,0,0
,,,,,,119,2026-02-01 10:16:12.810859,ATMN,25.76,25.37,25.47,2227200.0,2213100.0,0,0
,,,,,,119,2026-02-01 10:16:12.810859,WNTR,24.85,24.78,24.85,2074400.0,2012400.0,0,0
2.0,1.0,1.0,,Aggregate Position Limit,Your CRO has set the aggregate position limit to 8000 shares for this week.,120,2026-02-01 10:16:13.842759,SPNG,25.92,28.91,28.97,874000.0,622800.0,0,0
1.0,1.0,1.0,,Welcome to the RITC 2026 Alogithmic Market Making Case - practice server,,120,2026-02-01 10:16:13.842759,SMMR,25.24,25.74,0.0,200000.0,,0,0
,,,,,,120,2026-02-01 10:16:13.842759,ATMN,25.47,23.85,24.3,953300.0,851100.0,0,0
,,,,,,120,2026-02-01 10:16:13.842759,WNTR,24.75,24.09,0.0,200000.0,,0,0
2.0,1.0,1.0,,Aggregate Position Limit,Your CRO has set the aggregate position limit to 8000 shares for this week.,121,2026-02-01 10:16:14.862902,SPNG,28.59,25.99,26.1,927500.0,831600.0,0,0
1.0,1.0,1.0,,Welcome to the RITC 2026 Alogithmic Market Making Case - practice server,,121,2026-02-01 10:16:14.862902,SMMR,25.74,25.74,25.8,802100.0,898100.0,0,0
,,,,,,121,2026-02-01 10:16:14.862902,ATMN,23.54,23.54,24.3,1026300.0,955000.0,0,0
,,,,,,121,2026-02-01 10:16:14.862902,WNTR,24.09,24.09,24.25,975300.0,1078600.0,0,0
2.0,1.0,1.0,,Aggregate Position Limit,Your CRO has set the aggregate position limit to 8000 shares for this week.,122,2026-02-01 10:16:15.892625,SPNG,25.94,25.94,26.07,948600.0,1033400.0,0,0
1.0,1.0,1.0,,Welcome to the RITC 2026 Alogithmic Market Making Case - practice server,,122,2026-02-01 10:16:15.892625,SMMR,25.74,25.41,25.66,831100.0,873500.0,0,0
,,,,,,122,2026-02-01 10:16:15.892625,ATMN,23.54,23.7,23.9,1262500.0,1216200.0,0,0
,,,,,,122,2026-02-01 10:16:15.892625,WNTR,24.09,24.24,24.25,1404600.0,1078600.0,0,0
2.0,1.0,1.0,,Aggregate Position Limit,Your CRO has set the aggregate position limit to 8000 shares for this week.,123,2026-02-01 10:16:16.915934,SPNG,25.94,24.39,24.68,946900.0,1361600.0,0,0
1.0,1.0,1.0,,Welcome to the RITC 2026 Alogithmic Market Making Case - practice server,,123,2026-02-01 10:16:16.915934,SMMR,25.78,25.48,25.58,913100.0,996900.0,0,0
,,,,,,123,2026-02-01 10:16:16.915934,ATMN,23.54,23.7,23.9,1633900.0,1216200.0,0,0
,,,,,,123,2026-02-01 10:16:16.915934,WNTR,24.09,24.09,24.25,1175900.0,1287400.0,0,0
2.0,1.0,1.0,,Aggregate Position Limit,Your CRO has set the aggregate position limit to 8000 shares for this week.,124,2026-02-01 10:16:17.942488,SPNG,24.39,23.78,24.22,929400.0,1546200.0,0,0
1.0,1.0,1.0,,Welcome to the RITC 2026 Alogithmic Market Making Case - practice server,,124,2026-02-01 10:16:17.942488,SMMR,25.58,25.72,25.77,1021800.0,1066700.0,0,0
,,,,,,124,2026-02-01 10:16:17.942488,ATMN,23.9,23.8,23.9,2020300.0,1216200.0,0,0
,,,,,,124,2026-02-01 10:16:17.942488,WNTR,24.02,24.02,24.18,1191700.0,1407200.0,0,0
2.0,1.0,1.0,,Aggregate Position Limit,Your CRO has set the aggregate position limit to 8000 shares for this week.,125,2026-02-01 10:16:18.972390,SPNG,24.22,23.78,24.22,929400.0,1766900.0,0,0
1.0,1.0,1.0,,Welcome to the RITC 2026 Alogithmic Market Making Case - practice server,,125,2026-02-01 10:16:18.972390,SMMR,25.77,25.79,25.8,1118200.0,982300.0,0,0
,,,,,,125,2026-02-01 10:16:18.972390,ATMN,23.8,23.8,23.9,2120800.0,1319100.0,0,0
,,,,,,125,2026-02-01 10:16:18.972390,WNTR,24.02,24.02,24.13,1416200.0,1615500.0,0,0
2.0,1.0,1.0,,Aggregate Position Limit,Your CRO has set the aggregate position limit to 8000 shares for this week.,126,2026-02-01 10:16:19.992756,SPNG,23.78,23.78,24.01,965200.0,1920200.0,0,0
1.0,1.0,1.0,,Welcome to the RITC 2026 Alogithmic Market Making Case - practice server,,126,2026-02-01 10:16:19.992756,SMMR,25.79,25.48,25.78,1011500.0,1269200.0,0,0
,,,,,,126,2026-02-01 10:16:19.992756,ATMN,23.66,23.66,24.3,1787400.0,1057900.0,0,0
,,,,,,126,2026-02-01 10:16:19.992756,WNTR,24.18,24.02,24.13,1416200.0,1743600.0,0,0
2.0,1.0,1.0,,Aggregate Position Limit,Your CRO has set the aggregate position limit to 8000 shares for this week.,127,2026-02-01 10:16:21.015632,SPNG,23.78,23.01,23.06,1454800.0,1955200.0,0,0
1.0,1.0,1.0,,Welcome to the RITC 2026 Alogithmic Market Making Case - practice server,,127,2026-02-01 10:16:21.015632,SMMR,25.82,25.64,25.82,1218400.0,1083000.0,0,0
,,,,,,127,2026-02-01 10:16:21.015632,ATMN,23.59,23.59,24.3,1557100.0,1057900.0,0,0
,,,,,,127,2026-02-01 10:16:21.015632,WNTR,23.97,23.97,24.13,1313400.0,1926100.0,0,0
2.0,1.0,1.0,,Aggregate Position Limit,Your CRO has set the aggregate position limit to 8000 shares for this week.,128,2026-02-01 10:16:22.042746,SPNG,23.66,23.01,23.37,1454800.0,1982700.0,0,0
1.0,1.0,1.0,,Welcome to the RITC 2026 Alogithmic Market Making Case - practice server,,128,2026-02-01 10:16:22.042746,SMMR,25.8,25.8,25.85,1336100.0,1081400.0,0,0
,,,,,,128,2026-02-01 10:16:22.042746,ATMN,23.6,24.04,24.3,1811500.0,1155100.0,0,0
,,,,,,128,2026-02-01 10:16:22.042746,WNTR,24.06,23.95,24.06,1196500.0,2042900.0,0,0
2.0,1.0,1.0,,Aggregate Position Limit,Your CRO has set the aggregate position limit to 8000 shares for this week.,129,2026-02-01 10:16:23.065870,SPNG,23.51,23.66,23.8,1549600.0,2023200.0,0,0
1.0,1.0,1.0,,Welcome to the RITC 2026 Alogithmic Market Making Case - practice server,,129,2026-02-01 10:16:23.065870,SMMR,25.79,25.41,25.79,1036400.0,1196800.0,0,0
,,,,,,129,2026-02-01 10:16:23.065870,ATMN,23.53,23.53,23.84,1437400.0,1416200.0,0,0
,,,,,,129,2026-02-01 10:16:23.065870,WNTR,23.96,23.96,24.13,1178300.0,2021800.0,0,0
2.0,1.0,1.0,,Aggregate Position Limit,Your CRO has set the aggregate position limit to 8000 shares for this week.,130,2026-02-01 10:16:24.092765,SPNG,24.01,23.66,24.01,1549600.0,2015100.0,0,0
1.0,1.0,1.0,,Welcome to the RITC 2026 Alogithmic Market Making Case - practice server,,130,2026-02-01 10:16:24.092765,SMMR,25.79,25.51,25.79,1232400.0,1196800.0,0,0
,,,,,,130,2026-02-01 10:16:24.092765,ATMN,23.53,23.53,23.84,1680900.0,1416200.0,0,0
,,,,,,130,2026-02-01 10:16:24.092765,WNTR,23.96,23.96,24.02,1178300.0,2118200.0,0,0
2.0,1.0,1.0,,Aggregate Position Limit,Your CRO has set the aggregate position limit to 8000 shares for this week.,131,2026-02-01 10:16:25.125655,SPNG,24.01,23.73,23.89,1875400.0,2042600.0,0,0
1.0,1.0,1.0,,Welcome to the RITC 2026 Alogithmic Market Making Case - practice server,,131,2026-02-01 10:16:25.125655,SMMR,25.51,25.61,25.79,1411500.0,1196800.0,0,0
,,,,,,131,2026-02-01 10:16:25.125655,ATMN,23.53,23.67,23.84,2368500.0,1416200.0,0,0
,,,,,,131,2026-02-01 10:16:25.125655,WNTR,23.96,23.96,24.02,1604200.0,2118200.0,0,0
2.0,1.0,1.0,,Aggregate Position Limit,Your CRO has set the aggregate position limit to 8000 shares for this week.,132,2026-02-01 10:16:26.162781,SPNG,23.89,23.73,23.84,1875400.0,2082700.0,0,0
1.0,1.0,1.0,,Welcome to the RITC 2026 Alogithmic Market Making Case - practice server,,132,2026-02-01 10:16:26.162781,SMMR,25.79,25.82,25.85,1498100.0,1308600.0,0,0
,,,,,,132,2026-02-01 10:16:26.162781,ATMN,23.67,23.67,23.86,2368500.0,1422300.0,0,0
,,,,,,132,2026-02-01 10:16:26.162781,WNTR,24.13,24.13,24.15,2045500.0,1923300.0,0,0
2.0,1.0,1.0,,Aggregate Position Limit,Your CRO has set the aggregate position limit to 8000 shares for this week.,133,2026-02-01 10:16:27.202502,SPNG,23.89,23.74,23.89,1805700.0,2054900.0,0,0
1.0,1.0,1.0,,Welcome to the RITC 2026 Alogithmic Market Making Case - practice server,,133,2026-02-01 10:16:27.202502,SMMR,25.61,25.78,25.85,1585400.0,1424000.0,0,0
,,,,,,133,2026-02-01 10:16:27.202502,ATMN,23.67,23.79,23.86,2607900.0,1564100.0,0,0
,,,,,,133,2026-02-01 10:16:27.202502,WNTR,23.92,23.92,24.01,1869700.0,2043900.0,0,0
2.0,1.0,1.0,,Aggregate Position Limit,Your CRO has set the aggregate position limit to 8000 shares for this week.,134,2026-02-01 10:16:28.242581,SPNG,24.07,23.89,24.07,2098200.0,1991000.0,0,0
1.0,1.0,1.0,,Welcome to the RITC 2026 Alogithmic Market Making Case - practice server,,134,2026-02-01 10:16:28.242581,SMMR,25.62,25.62,25.78,1588900.0,1509800.0,0,0
,,,,,,134,2026-02-01 10:16:28.242581,ATMN,23.49,23.49,23.86,1972100.0,1564100.0,0,0
,,,,,,134,2026-02-01 10:16:28.242581,WNTR,24.01,24.08,24.15,2076000.0,2034200.0,0,0
2.0,1.0,1.0,,Aggregate Position Limit,Your CRO has set the aggregate position limit to 8000 shares for this week.,135,2026-02-01 10:16:29.262642,SPNG,23.91,23.89,23.91,2098200.0,2084500.0,0,0
1.0,1.0,1.0,,Welcome to the RITC 2026 Alogithmic Market Making Case - practice server,,135,2026-02-01 10:16:29.262642,SMMR,25.78,25.73,25.78,1772100.0,1509800.0,0,0
,,,,,,135,2026-02-01 10:16:29.262642,ATMN,23.86,23.83,23.86,2110700.0,1564100.0,0,0
,,,,,,135,2026-02-01 10:16:29.262642,WNTR,24.01,24.14,24.15,2290100.0,2120100.0,0,0
2.0,1.0,1.0,,Aggregate Position Limit,Your CRO has set the aggregate position limit to 8000 shares for this week.,136,2026-02-01 10:16:30.284961,SPNG,23.74,23.74,23.77,2112700.0,2085000.0,0,0
1.0,1.0,1.0,,Welcome to the RITC 2026 Alogithmic Market Making Case - practice server,,136,2026-02-01 10:16:30.284961,SMMR,25.85,25.73,25.85,1883900.0,1424000.0,0,0
,,,,,,136,2026-02-01 10:16:30.284961,ATMN,23.83,23.83,23.86,2227700.0,1802700.0,0,0
,,,,,,136,2026-02-01 10:16:30.284961,WNTR,24.18,24.14,24.18,2290100.0,2113100.0,0,0
2.0,1.0,1.0,,Aggregate Position Limit,Your CRO has set the aggregate position limit to 8000 shares for this week.,137,2026-02-01 10:16:31.322811,SPNG,23.74,23.74,23.77,2500500.0,2085000.0,0,0
1.0,1.0,1.0,,Welcome to the RITC 2026 Alogithmic Market Making Case - practice server,,137,2026-02-01 10:16:31.322811,SMMR,25.91,25.73,25.91,1991500.0,1416200.0,0,0
,,,,,,137,2026-02-01 10:16:31.322811,ATMN,23.44,23.44,23.86,1977700.0,2172600.0,0,0
,,,,,,137,2026-02-01 10:16:31.322811,WNTR,24.08,24.08,24.09,2167600.0,2127200.0,0,0
2.0,1.0,1.0,,Aggregate Position Limit,Your CRO has set the aggregate position limit to 8000 shares for this week.,138,2026-02-01 10:16:32.356568,SPNG,24.22,23.74,24.22,2604700.0,2012700.0,0,0
1.0,1.0,1.0,,Welcome to the RITC 2026 Alogithmic Market Making Case - practice server,,138,2026-02-01 10:16:32.356568,SMMR,25.93,25.8,25.93,1985400.0,1300800.0,0,0
,,,,,,138,2026-02-01 10:16:32.356568,ATMN,23.99,23.44,23.99,1977700.0,2038200.0,0,0
,,,,,,138,2026-02-01 10:16:32.356568,WNTR,24.2,24.06,24.2,2179400.0,2096600.0,0,0
2.0,1.0,1.0,,Aggregate Position Limit,Your CRO has set the aggregate position limit to 8000 shares for this week.,139,2026-02-01 10:16:33.382876,SPNG,23.9,23.73,23.9,2475900.0,2051600.0,0,0
1.0,1.0,1.0,,Welcome to the RITC 2026 Alogithmic Market Making Case - practice server,,139,2026-02-01 10:16:33.382876,SMMR,25.89,25.8,25.86,1985400.0,1526800.0,0,0
,,,,,,139,2026-02-01 10:16:33.382876,ATMN,23.99,23.79,23.99,2090900.0,2263000.0,0,0
,,,,,,139,2026-02-01 10:16:33.382876,WNTR,24.0,24.01,24.15,2152500.0,2080100.0,0,0
2.0,1.0,1.0,,Aggregate Position Limit,Your CRO has set the aggregate position limit to 8000 shares for this week.,140,2026-02-01 10:16:34.422551,SPNG,23.73,23.73,23.9,2489300.0,2059200.0,0,0
1.0,1.0,1.0,,Welcome to the RITC 2026 Alogithmic Market Making Case - practice server,,140,2026-02-01 10:16:34.422551,SMMR,25.93,25.85,25.93,1951900.0,1300800.0,0,0
,,,,,,140,2026-02-01 10:16:34.422551,ATMN,23.42,23.42,23.8,1862600.0,2323900.0,0,0
,,,,,,140,2026-02-01 10:16:34.422551,WNTR,24.2,24.01,24.07,2261800.0,2065700.0,0,0
2.0,1.0,1.0,,Aggregate Position Limit,Your CRO has set the aggregate position limit to 8000 shares for this week.,141,2026-02-01 10:16:35.460571,SPNG,24.28,23.73,24.28,2362100.0,2005900.0,0,0
1.0,1.0,1.0,,Welcome to the RITC 2026 Alogithmic Market Making Case - practice server,,141,2026-02-01 10:16:35.460571,SMMR,25.85,25.8,25.84,1985400.0,1401500.0,0,0
,,,,,,141,2026-02-01 10:16:35.460571,ATMN,23.8,23.62,23.8,2131500.0,2323900.0,0,0
,,,,,,141,2026-02-01 10:16:35.460571,WNTR,24.04,24.04,24.07,2209400.0,2065700.0,0,0
2.0,1.0,1.0,,Aggregate Position Limit,Your CRO has set the aggregate position limit to 8000 shares for this week.,142,2026-02-01 10:16:36.502695,SPNG,23.73,23.7,23.71,2380300.0,2109500.0,0,0
1.0,1.0,1.0,,Welcome to the RITC 2026 Alogithmic Market Making Case - practice server,,142,2026-02-01 10:16:36.502695,SMMR,25.94,25.8,25.81,1985400.0,1478000.0,0,0
,,,,,,142,2026-02-01 10:16:36.502695,ATMN,23.8,23.62,23.8,2398500.0,2323900.0,0,0
,,,,,,142,2026-02-01 10:16:36.502695,WNTR,24.2,24.11,24.2,2218900.0,2077800.0,0,0
2.0,1.0,1.0,,Aggregate Position Limit,Your CRO has set the aggregate position limit to 8000 shares for this week.,143,2026-02-01 10:16:37.527971,SPNG,23.98,23.7,23.91,2367400.0,2146200.0,0,0
1.0,1.0,1.0,,Welcome to the RITC 2026 Alogithmic Market Making Case - practice server,,143,2026-02-01 10:16:37.527971,SMMR,25.84,25.8,25.84,1989000.0,1398000.0,0,0
,,,,,,143,2026-02-01 10:16:37.527971,ATMN,23.8,23.62,23.8,2512100.0,2354700.0,0,0
,,,,,,143,2026-02-01 10:16:37.527971,WNTR,24.11,24.11,24.2,2218900.0,2076900.0,0,0
2.0,1.0,1.0,,Aggregate Position Limit,Your CRO has set the aggregate position limit to 8000 shares for this week.,144,2026-02-01 10:16:38.552731,SPNG,23.85,23.85,23.91,2347700.0,2146200.0,0,0
1.0,1.0,1.0,,Welcome to the RITC 2026 Alogithmic Market Making Case - practice server,,144,2026-02-01 10:16:38.552731,SMMR,25.69,25.69,25.76,1983300.0,1506800.0,0,0
,,,,,,144,2026-02-01 10:16:38.552731,ATMN,24.02,23.62,23.84,2656000.0,2330800.0,0,0
,,,,,,144,2026-02-01 10:16:38.552731,WNTR,24.21,24.13,24.21,2191300.0,2080700.0,0,0
2.0,1.0,1.0,,Aggregate Position Limit,Your CRO has set the aggregate position limit to 8000 shares for this week.,145,2026-02-01 10:16:39.570200,SPNG,23.82,23.7,23.82,2367400.0,2165600.0,0,0
1.0,1.0,1.0,,Welcome to the RITC 2026 Alogithmic Market Making Case - practice server,,145,2026-02-01 10:16:39.570200,SMMR,25.7,25.7,25.84,1979600.0,1398000.0,0,0
,,,,,,145,2026-02-01 10:16:39.570200,ATMN,23.54,23.54,23.77,2512600.0,2340100.0,0,0
,,,,,,145,2026-02-01 10:16:39.570200,WNTR,24.2,24.2,24.21,2194800.0,2080700.0,0,0
2.0,1.0,1.0,,Aggregate Position Limit,Your CRO has set the aggregate position limit to 8000 shares for this week.,146,2026-02-01 10:16:40.583067,SPNG,23.7,23.7,24.16,2367400.0,2147300.0,0,0
1.0,1.0,1.0,,Welcome to the RITC 2026 Alogithmic Market Making Case - practice server,,146,2026-02-01 10:16:40.583067,SMMR,25.84,25.72,25.84,1937700.0,1497800.0,0,0
,,,,,,146,2026-02-01 10:16:40.583067,ATMN,23.77,23.37,23.77,2375100.0,2340100.0,0,0
,,,,,,146,2026-02-01 10:16:40.583067,WNTR,24.2,24.2,24.21,2194800.0,2045900.0,0,0
2.0,1.0,1.0,,Aggregate Position Limit,Your CRO has set the aggregate position limit to 8000 shares for this week.,147,2026-02-01 10:16:41.605949,SPNG,23.63,23.65,24.16,2363600.0,2150500.0,0,0
1.0,1.0,1.0,,Welcome to the RITC 2026 Alogithmic Market Making Case - practice server,,147,2026-02-01 10:16:41.605949,SMMR,25.91,25.7,25.8,1979600.0,1390400.0,0,0
,,,,,,147,2026-02-01 10:16:41.605949,ATMN,23.84,23.43,23.84,2624500.0,2314800.0,0,0
,,,,,,147,2026-02-01 10:16:41.605949,WNTR,24.13,24.13,24.21,2210800.0,2072400.0,0,0
2.0,1.0,1.0,,Aggregate Position Limit,Your CRO has set the aggregate position limit to 8000 shares for this week.,148,2026-02-01 10:16:42.642690,SPNG,23.49,23.49,24.03,2491700.0,2196900.0,0,0
1.0,1.0,1.0,,Welcome to the RITC 2026 Alogithmic Market Making Case - practice server,,148,2026-02-01 10:16:42.642690,SMMR,25.72,25.7,25.72,1945500.0,1502700.0,0,0
,,,,,,148,2026-02-01 10:16:42.642690,ATMN,24.08,23.52,23.67,2623900.0,2318000.0,0,0
,,,,,,148,2026-02-01 10:16:42.642690,WNTR,24.11,24.04,24.06,2213200.0,2059100.0,0,0
2.0,1.0,1.0,,Aggregate Position Limit,Your CRO has set the aggregate position limit to 8000 shares for this week.,149,2026-02-01 10:16:43.687819,SPNG,24.03,23.49,24.03,2491700.0,2196900.0,0,0
1.0,1.0,1.0,,Welcome to the RITC 2026 Alogithmic Market Making Case - practice server,,149,2026-02-01 10:16:43.687819,SMMR,25.8,25.7,25.79,1972800.0,1488700.0,0,0
,,,,,,149,2026-02-01 10:16:43.687819,ATMN,23.67,23.96,24.08,2628900.0,2277500.0,0,0
,,,,,,149,2026-02-01 10:16:43.687819,WNTR,24.16,24.2,24.21,2172800.0,2084600.0,0,0
2.0,1.0,1.0,,Aggregate Position Limit,Your CRO has set the aggregate position limit to 8000 shares for this week.,150,2026-02-01 10:16:44.707657,SPNG,23.84,23.24,23.6,2506700.0,2212600.0,0,0
1.0,1.0,1.0,,Welcome to the RITC 2026 Alogithmic Market Making Case - practice server,,150,2026-02-01 10:16:44.707657,SMMR,25.69,25.68,25.69,1990800.0,1684000.0,0,0
,,,,,,150,2026-02-01 10:16:44.707657,ATMN,23.52,23.53,23.76,2645000.0,2291600.0,0,0
,,,,,,150,2026-02-01 10:16:44.707657,WNTR,24.21,24.03,24.21,2206800.0,2075400.0,0,0
2.0,1.0,1.0,,Aggregate Position Limit,Your CRO has set the aggregate position limit to 8000 shares for this week.,151,2026-02-01 10:16:45.713019,SPNG,23.84,23.58,23.6,2428400.0,2212600.0,0,0
1.0,1.0,1.0,,Welcome to the RITC 2026 Alogithmic Market Making Case - practice server,,151,2026-02-01 10:16:45.713019,SMMR,25.74,25.72,25.74,1996300.0,1668800.0,0,0
,,,,,,151,2026-02-01 10:16:45.713019,ATMN,23.52,23.52,24.08,2615200.0,2279600.0,0,0
,,,,,,151,2026-02-01 10:16:45.713019,WNTR,24.24,24.06,24.24,2211600.0,2088700.0,0,0
2.0,1.0,1.0,,Aggregate Position Limit,Your CRO has set the aggregate position limit to 8000 shares for this week.,152,2026-02-01 10:16:46.732660,SPNG,24.26,23.85,23.86,2398600.0,2166700.0,0,0
1.0,1.0,1.0,,Welcome to the RITC 2026 Alogithmic Market Making Case - practice server,,152,2026-02-01 10:16:46.732660,SMMR,25.79,25.72,25.79,1970200.0,1583600.0,0,0
,,,,,,152,2026-02-01 10:16:46.732660,ATMN,24.12,23.45,24.12,2611200.0,2270000.0,0,0
,,,,,,152,2026-02-01 10:16:46.732660,WNTR,24.06,24.11,24.24,2206800.0,2102600.0,0,0
2.0,1.0,1.0,,Aggregate Position Limit,Your CRO has set the aggregate position limit to 8000 shares for this week.,153,2026-02-01 10:16:47.753035,SPNG,24.28,23.85,24.11,2398600.0,2143000.0,0,0
1.0,1.0,1.0,,Welcome to the RITC 2026 Alogithmic Market Making Case - practice server,,153,2026-02-01 10:16:47.753035,SMMR,25.79,25.72,25.79,1971300.0,1583600.0,0,0
,,,,,,153,2026-02-01 10:16:47.753035,ATMN,23.52,23.45,23.52,2601200.0,2326900.0,0,0
,,,,,,153,2026-02-01 10:16:47.753035,WNTR,24.25,24.11,24.25,2200300.0,2112600.0,0,0
2.0,1.0,1.0,,Aggregate Position Limit,Your CRO has set the aggregate position limit to 8000 shares for this week.,155,2026-02-01 10:16:48.792825,SPNG,23.75,23.93,24.11,2433900.0,2173700.0,0,0
1.0,1.0,1.0,,Welcome to the RITC 2026 Alogithmic Market Making Case - practice server,,155,2026-02-01 10:16:48.792825,SMMR,25.94,25.72,25.94,1971300.0,1284100.0,0,0
,,,,,,155,2026-02-01 10:16:48.792825,ATMN,24.09,23.45,23.67,2601200.0,2314900.0,0,0
,,,,,,155,2026-02-01 10:16:48.792825,WNTR,24.24,24.24,24.25,2196500.0,2129800.0,0,0
2.0,1.0,1.0,,Aggregate Position Limit,Your CRO has set the aggregate position limit to 8000 shares for this week.,156,2026-02-01 10:16:49.811654,SPNG,23.78,23.88,23.91,2404800.0,2197800.0,0,0
1.0,1.0,1.0,,Welcome to the RITC 2026 Alogithmic Market Making Case - practice server,,156,2026-02-01 10:16:49.811654,SMMR,25.99,25.72,25.99,1971300.0,1241000.0,0,0
,,,,,,156,2026-02-01 10:16:49.811654,ATMN,24.09,23.64,23.67,2547500.0,2314900.0,0,0
,,,,,,156,2026-02-01 10:16:49.811654,WNTR,24.25,24.26,24.28,2192900.0,2129400.0,0,0
2.0,1.0,1.0,,Aggregate Position Limit,Your CRO has set the aggregate position limit to 8000 shares for this week.,157,2026-02-01 10:16:50.833400,SPNG,23.68,23.68,23.91,2423600.0,2197800.0,0,0
1.0,1.0,1.0,,Welcome to the RITC 2026 Alogithmic Market Making Case - practice server,,157,2026-02-01 10:16:50.833400,SMMR,25.67,25.67,25.74,1948400.0,1342900.0,0,0
,,,,,,157,2026-02-01 10:16:50.833400,ATMN,24.12,23.64,24.11,2547500.0,2332000.0,0,0
,,,,,,157,2026-02-01 10:16:50.833400,WNTR,24.06,24.06,24.2,2175600.0,2111400.0,0,0
2.0,1.0,1.0,,Aggregate Position Limit,Your CRO has set the aggregate position limit to 8000 shares for this week.,158,2026-02-01 10:16:51.852508,SPNG,23.86,23.86,23.91,2411000.0,2182900.0,0,0
1.0,1.0,1.0,,Welcome to the RITC 2026 Alogithmic Market Making Case - practice server,,158,2026-02-01 10:16:51.852508,SMMR,25.99,25.67,25.77,1948400.0,1228200.0,0,0
,,,,,,158,2026-02-01 10:16:51.852508,ATMN,23.58,23.58,24.11,2556800.0,2353600.0,0,0
,,,,,,158,2026-02-01 10:16:51.852508,WNTR,24.03,24.03,24.17,2180600.0,2106600.0,0,0
2.0,1.0,1.0,,Aggregate Position Limit,Your CRO has set the aggregate position limit to 8000 shares for this week.,159,2026-02-01 10:16:52.862684,SPNG,23.58,23.58,23.91,2424800.0,2189600.0,0,0
1.0,1.0,1.0,,Welcome to the RITC 2026 Alogithmic Market Making Case - practice server,,159,2026-02-01 10:16:52.862684,SMMR,25.77,25.67,25.7,1968600.0,1332300.0,0,0
,,,,,,159,2026-02-01 10:16:52.862684,ATMN,23.72,23.58,23.72,2556800.0,2362100.0,0,0
,,,,,,159,2026-02-01 10:16:52.862684,WNTR,24.01,24.05,24.17,2158600.0,2106600.0,0,0
2.0,1.0,1.0,,Aggregate Position Limit,Your CRO has set the aggregate position limit to 8000 shares for this week.,160,2026-02-01 10:16:53.884752,SPNG,23.98,23.97,23.98,2387800.0,2175600.0,0,0
1.0,1.0,1.0,,Welcome to the RITC 2026 Alogithmic Market Making Case - practice server,,160,2026-02-01 10:16:53.884752,SMMR,25.99,25.67,25.99,1933600.0,1125200.0,0,0
,,,,,,160,2026-02-01 10:16:53.884752,ATMN,24.12,23.58,23.74,2573900.0,2360800.0,0,0
,,,,,,160,2026-02-01 10:16:53.884752,WNTR,24.15,24.12,24.15,2143700.0,2114100.0,0,0
2.0,1.0,1.0,,Aggregate Position Limit,Your CRO has set the aggregate position limit to 8000 shares for this week.,161,2026-02-01 10:16:54.907582,SPNG,23.58,23.58,23.98,2434300.0,2175400.0,0,0
1.0,1.0,1.0,,Welcome to the RITC 2026 Alogithmic Market Making Case - practice server,,161,2026-02-01 10:16:54.907582,SMMR,25.84,25.73,25.84,1918400.0,1236400.0,0,0
,,,,,,161,2026-02-01 10:16:54.907582,ATMN,23.74,24.01,24.12,2568900.0,2351200.0,0,0
,,,,,,161,2026-02-01 10:16:54.907582,WNTR,24.17,24.12,24.17,2143700.0,2131300.0,0,0
2.0,1.0,1.0,,Aggregate Position Limit,Your CRO has set the aggregate position limit to 8000 shares for this week.,162,2026-02-01 10:16:55.935831,SPNG,23.93,23.58,23.93,2455300.0,2188100.0,0,0
1.0,1.0,1.0,,Welcome to the RITC 2026 Alogithmic Market Making Case - practice server,,162,2026-02-01 10:16:55.935831,SMMR,25.99,25.73,25.99,1907400.0,1126900.0,0,0
,,,,,,162,2026-02-01 10:16:55.935831,ATMN,24.01,23.58,23.65,2572200.0,2321700.0,0,0
,,,,,,162,2026-02-01 10:16:55.935831,WNTR,24.17,24.12,24.17,2143700.0,2131300.0,0,0
2.0,1.0,1.0,,Aggregate Position Limit,Your CRO has set the aggregate position limit to 8000 shares for this week.,163,2026-02-01 10:16:56.952454,SPNG,23.93,23.81,23.93,2405000.0,2188100.0,0,0
1.0,1.0,1.0,,Welcome to the RITC 2026 Alogithmic Market Making Case - practice server,,163,2026-02-01 10:16:56.952454,SMMR,25.7,25.72,25.99,1916600.0,1235900.0,0,0
,,,,,,163,2026-02-01 10:16:56.952454,ATMN,23.65,23.81,24.12,2554300.0,2341400.0,0,0
,,,,,,163,2026-02-01 10:16:56.952454,WNTR,24.28,24.12,24.28,2159400.0,2102200.0,0,0
2.0,1.0,1.0,,Aggregate Position Limit,Your CRO has set the aggregate position limit to 8000 shares for this week.,164,2026-02-01 10:16:57.962731,SPNG,24.11,24.27,24.28,2473300.0,2187900.0,0,0
1.0,1.0,1.0,,Welcome to the RITC 2026 Alogithmic Market Making Case - practice server,,164,2026-02-01 10:16:57.962731,SMMR,25.7,25.72,25.78,1879100.0,1317600.0,0,0
,,,,,,164,2026-02-01 10:16:57.962731,ATMN,23.81,23.58,23.73,2565400.0,2348500.0,0,0
,,,,,,164,2026-02-01 10:16:57.962731,WNTR,24.12,24.07,24.11,2126600.0,2139400.0,0,0
2.0,1.0,1.0,,Aggregate Position Limit,Your CRO has set the aggregate position limit to 8000 shares for this week.,165,2026-02-01 10:16:58.992392,SPNG,23.43,23.43,24.28,2464900.0,2234300.0,0,0
1.0,1.0,1.0,,Welcome to the RITC 2026 Alogithmic Market Making Case - practice server,,165,2026-02-01 10:16:58.992392,SMMR,25.72,25.66,25.69,1892900.0,1545000.0,0,0
,,,,,,165,2026-02-01 10:16:58.992392,ATMN,23.92,24.01,24.12,2539200.0,2359600.0,0,0
,,,,,,165,2026-02-01 10:16:58.992392,WNTR,24.12,24.07,24.11,2126600.0,2111300.0,0,0
2.0,1.0,1.0,,Aggregate Position Limit,Your CRO has set the aggregate position limit to 8000 shares for this week.,166,2026-02-01 10:17:00.016864,SPNG,23.43,23.56,23.62,2479000.0,2240100.0,0,0
1.0,1.0,1.0,,Welcome to the RITC 2026 Alogithmic Market Making Case - practice server,,166,2026-02-01 10:17:00.016864,SMMR,25.66,25.66,25.69,1906400.0,1635000.0,0,0
,,,,,,166,2026-02-01 10:17:00.016864,ATMN,24.14,23.71,24.03,2529200.0,2350900.0,0,0
,,,,,,166,2026-02-01 10:17:00.016864,WNTR,24.07,24.07,24.11,2118000.0,2111300.0,0,0
2.0,1.0,1.0,,Aggregate Position Limit,Your CRO has set the aggregate position limit to 8000 shares for this week.,167,2026-02-01 10:17:01.043721,SPNG,23.82,23.56,23.77,2486400.0,2225800.0,0,0
1.0,1.0,1.0,,Welcome to the RITC 2026 Alogithmic Market Making Case - practice server,,167,2026-02-01 10:17:01.043721,SMMR,25.69,25.65,25.69,1924000.0,1747700.0,0,0
,,,,,,167,2026-02-01 10:17:01.043721,ATMN,24.11,23.71,23.83,2547000.0,2333600.0,0,0
,,,,,,167,2026-02-01 10:17:01.043721,WNTR,24.06,24.06,24.11,2118100.0,2111300.0,0,0
2.0,1.0,1.0,,Aggregate Position Limit,Your CRO has set the aggregate position limit to 8000 shares for this week.,168,2026-02-01 10:17:02.065743,SPNG,23.77,23.98,24.15,2463300.0,2259000.0,0,0
1.0,1.0,1.0,,Welcome to the RITC 2026 Alogithmic Market Making Case - practice server,,168,2026-02-01 10:17:02.065743,SMMR,25.64,25.64,25.71,1932200.0,1614400.0,0,0
,,,,,,168,2026-02-01 10:17:02.065743,ATMN,23.83,23.86,24.04,2524600.0,2347400.0,0,0
,,,,,,168,2026-02-01 10:17:02.065743,WNTR,24.13,24.08,24.13,2119200.0,2114600.0,0,0
2.0,1.0,1.0,,Aggregate Position Limit,Your CRO has set the aggregate position limit to 8000 shares for this week.,169,2026-02-01 10:17:03.087713,SPNG,23.51,24.08,24.15,2454900.0,2259000.0,0,0
1.0,1.0,1.0,,Welcome to the RITC 2026 Alogithmic Market Making Case - practice server,,169,2026-02-01 10:17:03.087713,SMMR,25.63,25.63,25.71,1955100.0,1614400.0,0,0
,,,,,,169,2026-02-01 10:17:03.087713,ATMN,23.92,23.71,23.92,2547000.0,2334100.0,0,0
,,,,,,169,2026-02-01 10:17:03.087713,WNTR,24.13,24.08,24.13,2119200.0,2093600.0,0,0
2.0,1.0,1.0,,Aggregate Position Limit,Your CRO has set the aggregate position limit to 8000 shares for this week.,170,2026-02-01 10:17:04.102657,SPNG,24.08,23.43,23.55,2476500.0,2236000.0,0,0
1.0,1.0,1.0,,Welcome to the RITC 2026 Alogithmic Market Making Case - practice server,,170,2026-02-01 10:17:04.102657,SMMR,25.62,25.62,25.71,1955900.0,1716800.0,0,0
,,,,,,170,2026-02-01 10:17:04.102657,ATMN,23.89,23.89,23.92,2557300.0,2351900.0,0,0
,,,,,,170,2026-02-01 10:17:04.102657,WNTR,24.18,24.08,24.11,2119200.0,2109800.0,0,0
2.0,1.0,1.0,,Aggregate Position Limit,Your CRO has set the aggregate position limit to 8000 shares for this week.,171,2026-02-01 10:17:05.122592,SPNG,24.08,23.43,23.55,2313100.0,2500.0,2119600.0,2500.0
1.0,1.0,1.0,,Welcome to the RITC 2026 Alogithmic Market Making Case - practice server,,171,2026-02-01 10:17:05.122592,SMMR,25.6,25.6,25.71,1959000.0,,1716800.0,2500.0
,,,,,,171,2026-02-01 10:17:05.122592,ATMN,23.76,23.75,23.76,2558100.0,,2268500.0,2500.0
,,,,,,171,2026-02-01 10:17:05.122592,WNTR,24.11,24.05,24.11,2123300.0,,2109800.0,
2.0,1.0,1.0,,Aggregate Position Limit,Your CRO has set the aggregate position limit to 8000 shares for this week.,172,2026-02-01 10:17:06.184654,SPNG,24.19,23.43,24.19,2313100.0,2500.0,2229500.0,
1.0,1.0,1.0,,Welcome to the RITC 2026 Alogithmic Market Making Case - practice server,,172,2026-02-01 10:17:06.184654,SMMR,25.6,25.6,25.72,1959000.0,,1604100.0,
,,,,,,172,2026-02-01 10:17:06.184654,ATMN,23.58,23.71,23.76,2574900.0,,2268500.0,2500.0
,,,,,,172,2026-02-01 10:17:06.184654,WNTR,24.05,24.05,24.11,2000800.0,2500.0,1982600.0,2500.0
2.0,1.0,1.0,,Aggregate Position Limit,Your CRO has set the aggregate position limit to 8000 shares for this week.,173,2026-02-01 10:17:07.227273,SPNG,23.66,23.43,23.66,2188500.0,5000.0,2227700.0,
1.0,1.0,1.0,,Welcome to the RITC 2026 Alogithmic Market Making Case - practice server,,173,2026-02-01 10:17:07.227273,SMMR,25.87,25.6,25.87,1952600.0,,1514100.0,
,,,,,,173,2026-02-01 10:17:07.227273,ATMN,23.94,23.74,23.81,2569700.0,,2271600.0,2500.0
,,,,,,173,2026-02-01 10:17:07.227273,WNTR,24.05,24.1,24.11,2027700.0,2500.0,1988100.0,2500.0
2.0,1.0,1.0,,Aggregate Position Limit,Your CRO has set the aggregate position limit to 8000 shares for this week.,174,2026-02-01 10:17:08.255024,SPNG,24.19,24.1,24.19,2084800.0,7500.0,2105400.0,2500.0
1.0,1.0,1.0,,Welcome to the RITC 2026 Alogithmic Market Making Case - practice server,,174,2026-02-01 10:17:08.255024,SMMR,25.92,25.6,25.87,1822900.0,2500.0,1505300.0,2500.0
,,,,,,174,2026-02-01 10:17:08.255024,ATMN,23.81,23.9,24.0,2415800.0,2500.0,2150700.0,5000.0
,,,,,,174,2026-02-01 10:17:08.255024,WNTR,24.01,24.1,24.11,2152100.0,,1988100.0,2500.0
2.0,1.0,1.0,,Aggregate Position Limit,Your CRO has set the aggregate position limit to 8000 shares for this week.,175,2026-02-01 10:17:09.265760,SPNG,23.43,23.43,23.61,2384900.0,2237000.0,0,0
1.0,1.0,1.0,,Welcome to the RITC 2026 Alogithmic Market Making Case - practice server,,175,2026-02-01 10:17:09.265760,SMMR,25.83,25.83,25.92,1933900.0,1525400.0,0,0
,,,,,,175,2026-02-01 10:17:09.265760,ATMN,24.0,23.74,23.93,2569700.0,2380200.0,0,0
,,,,,,175,2026-02-01 10:17:09.265760,WNTR,24.24,24.1,24.24,2152100.0,2087800.0,0,0
2.0,1.0,1.0,,Aggregate Position Limit,Your CRO has set the aggregate position limit to 8000 shares for this week.,176,2026-02-01 10:17:10.282464,SPNG,23.75,23.43,23.66,2384900.0,2222000.0,,
1.0,1.0,1.0,,Welcome to the RITC 2026 Alogithmic Market Making Case - practice server,,176,2026-02-01 10:17:10.282464,SMMR,25.82,25.73,25.82,1939900.0,1631400.0,,
,,,,,,176,2026-02-01 10:17:10.282464,ATMN,24.0,23.77,23.87,2441000.0,2305100.0,2500.0,2500.0
,,,,,,176,2026-02-01 10:17:10.282464,WNTR,24.1,24.01,24.03,2165300.0,2075700.0,,
2.0,1.0,1.0,,Aggregate Position Limit,Your CRO has set the aggregate position limit to 8000 shares for this week.,177,2026-02-01 10:17:11.292658,SPNG,24.29,23.58,24.29,2328300.0,2500.0,2228500.0,
1.0,1.0,1.0,,Welcome to the RITC 2026 Alogithmic Market Making Case - practice server,,177,2026-02-01 10:17:11.292658,SMMR,25.73,25.79,25.82,1867400.0,2500.0,1631400.0,2500.0
,,,,,,177,2026-02-01 10:17:11.292658,ATMN,23.77,23.77,23.87,2451300.0,2500.0,2289700.0,2500.0
,,,,,,177,2026-02-01 10:17:11.292658,WNTR,24.04,24.01,24.04,2125400.0,,2053500.0,
2.0,1.0,1.0,,Aggregate Position Limit,Your CRO has set the aggregate position limit to 8000 shares for this week.,178,2026-02-01 10:17:12.313066,SPNG,24.21,23.58,24.21,2439000.0,2202900.0,0,0
1.0,1.0,1.0,,Welcome to the RITC 2026 Alogithmic Market Making Case - practice server,,178,2026-02-01 10:17:12.313066,SMMR,25.73,25.79,25.82,1966400.0,1825500.0,0,0
,,,,,,178,2026-02-01 10:17:12.313066,ATMN,23.71,23.71,23.8,2574900.0,2391600.0,0,0
,,,,,,178,2026-02-01 10:17:12.313066,WNTR,24.03,24.01,24.03,2140600.0,2046700.0,0,0
2.0,1.0,1.0,,Aggregate Position Limit,Your CRO has set the aggregate position limit to 8000 shares for this week.,179,2026-02-01 10:17:13.332837,SPNG,24.21,23.81,24.21,2427700.0,2195100.0,0,0
1.0,1.0,1.0,,Welcome to the RITC 2026 Alogithmic Market Making Case - practice server,,179,2026-02-01 10:17:13.332837,SMMR,25.67,25.67,25.82,1952600.0,1825500.0,0,0
,,,,,,179,2026-02-01 10:17:13.332837,ATMN,23.8,23.71,23.8,2574900.0,2417100.0,0,0
,,,,,,179,2026-02-01 10:17:13.332837,WNTR,24.24,24.17,24.24,2126500.0,2096600.0,0,0
2.0,1.0,1.0,,Aggregate Position Limit,Your CRO has set the aggregate position limit to 8000 shares for this week.,180,2026-02-01 10:17:14.361152,SPNG,24.21,24.78,25.46,1008900.0,825600.0,0,0
1.0,1.0,1.0,,Welcome to the RITC 2026 Alogithmic Market Making Case - practice server,,180,2026-02-01 10:17:14.361152,SMMR,25.67,24.86,25.11,782800.0,775900.0,0,0
,,,,,,180,2026-02-01 10:17:14.361152,ATMN,24.74,23.58,24.73,716500.0,597000.0,0,0
,,,,,,180,2026-02-01 10:17:14.361152,WNTR,24.66,24.59,24.66,820700.0,815300.0,0,0
2.0,1.0,1.0,,Aggregate Position Limit,Your CRO has set the aggregate position limit to 8000 shares for this week.,181,2026-02-01 10:17:15.392671,SPNG,24.21,24.78,24.9,1008900.0,1154400.0,0,0
1.0,1.0,1.0,,Welcome to the RITC 2026 Alogithmic Market Making Case - practice server,,181,2026-02-01 10:17:15.392671,SMMR,25.67,24.86,24.88,782800.0,1057800.0,0,0
,,,,,,181,2026-02-01 10:17:15.392671,ATMN,24.73,25.11,25.45,1416300.0,826500.0,0,0
,,,,,,181,2026-02-01 10:17:15.392671,WNTR,24.66,24.59,24.63,992700.0,997700.0,0,0
2.0,1.0,1.0,,Aggregate Position Limit,Your CRO has set the aggregate position limit to 8000 shares for this week.,182,2026-02-01 10:17:16.417669,SPNG,24.78,24.78,24.9,1114000.0,1325500.0,0,0
1.0,1.0,1.0,,Welcome to the RITC 2026 Alogithmic Market Making Case - practice server,,182,2026-02-01 10:17:16.417669,SMMR,24.74,24.74,24.76,806800.0,1250800.0,0,0
,,,,,,182,2026-02-01 10:17:16.417669,ATMN,25.11,25.11,25.45,1560900.0,826500.0,0,0
,,,,,,182,2026-02-01 10:17:16.417669,WNTR,24.59,24.59,24.63,892700.0,1306100.0,0,0
2.0,1.0,1.0,,Aggregate Position Limit,Your CRO has set the aggregate position limit to 8000 shares for this week.,183,2026-02-01 10:17:17.452796,SPNG,24.78,24.5,24.7,1136500.0,1550200.0,0,0
1.0,1.0,1.0,,Welcome to the RITC 2026 Alogithmic Market Making Case - practice server,,183,2026-02-01 10:17:17.452796,SMMR,24.64,24.71,24.76,1019900.0,1250800.0,0,0
,,,,,,183,2026-02-01 10:17:17.452796,ATMN,25.45,25.11,25.45,1689500.0,946900.0,0,0
,,,,,,183,2026-02-01 10:17:17.452796,WNTR,24.59,24.6,24.63,998300.0,1530400.0,0,0
2.0,1.0,1.0,,Aggregate Position Limit,Your CRO has set the aggregate position limit to 8000 shares for this week.,184,2026-02-01 10:17:18.489515,SPNG,24.78,24.58,24.7,1456600.0,1550200.0,,
1.0,1.0,1.0,,Welcome to the RITC 2026 Alogithmic Market Making Case - practice server,,184,2026-02-01 10:17:18.489515,SMMR,24.88,24.71,24.88,1124900.0,1274600.0,,
,,,,,,184,2026-02-01 10:17:18.489515,ATMN,25.45,25.33,25.45,1945200.0,1073100.0,2500.0,2500.0
,,,,,,184,2026-02-01 10:17:18.489515,WNTR,24.64,24.53,24.64,828200.0,1441700.0,,
2.0,1.0,1.0,,Aggregate Position Limit,Your CRO has set the aggregate position limit to 8000 shares for this week.,185,2026-02-01 10:17:19.512900,SPNG,24.78,24.65,24.7,1902300.0,2500.0,1550200.0,2500.0
1.0,1.0,1.0,,Welcome to the RITC 2026 Alogithmic Market Making Case - practice server,,185,2026-02-01 10:17:19.512900,SMMR,24.92,24.71,24.82,1124900.0,2500.0,1360800.0,2500.0
,,,,,,185,2026-02-01 10:17:19.512900,ATMN,25.43,25.33,25.43,2053600.0,,1186900.0,
,,,,,,185,2026-02-01 10:17:19.512900,WNTR,24.43,24.34,24.43,1192800.0,,1559700.0,2500.0
2.0,1.0,1.0,,Aggregate Position Limit,Your CRO has set the aggregate position limit to 8000 shares for this week.,186,2026-02-01 10:17:20.536414,SPNG,24.9,24.83,24.9,2130800.0,5000.0,1428700.0,2500.0
1.0,1.0,1.0,,Welcome to the RITC 2026 Alogithmic Market Making Case - practice server,,186,2026-02-01 10:17:20.536414,SMMR,24.92,24.77,24.82,1335400.0,5000.0,1467800.0,5000.0
,,,,,,186,2026-02-01 10:17:20.536414,ATMN,25.33,25.33,25.77,2053600.0,2500.0,1041900.0,
,,,,,,186,2026-02-01 10:17:20.536414,WNTR,24.34,24.34,24.43,1372000.0,2500.0,1441700.0,5000.0
2.0,1.0,1.0,,Aggregate Position Limit,Your CRO has set the aggregate position limit to 8000 shares for this week.,187,2026-02-01 10:17:21.562450,SPNG,24.75,24.66,24.75,2025100.0,1656100.0,2500.0,0
1.0,1.0,1.0,,Welcome to the RITC 2026 Alogithmic Market Making Case - practice server,,187,2026-02-01 10:17:21.562450,SMMR,24.77,24.77,24.82,1335400.0,1569100.0,,0
,,,,,,187,2026-02-01 10:17:21.562450,ATMN,25.32,25.32,25.6,1925600.0,1367500.0,,0
,,,,,,187,2026-02-01 10:17:21.562450,WNTR,24.34,24.34,24.64,1716300.0,1441700.0,,0
2.0,1.0,1.0,,Aggregate Position Limit,Your CRO has set the aggregate position limit to 8000 shares for this week.,188,2026-02-01 10:17:22.577715,SPNG,24.9,24.66,24.9,2144900.0,1516100.0,0,0
1.0,1.0,1.0,,Welcome to the RITC 2026 Alogithmic Market Making Case - practice server,,188,2026-02-01 10:17:22.577715,SMMR,24.82,24.71,24.82,1325000.0,1577000.0,0,0
,,,,,,188,2026-02-01 10:17:22.577715,ATMN,25.16,25.23,25.6,2142300.0,1367500.0,0,0
,,,,,,188,2026-02-01 10:17:22.577715,WNTR,24.66,24.68,24.7,1923300.0,1202600.0,0,0
2.0,1.0,1.0,,Aggregate Position Limit,Your CRO has set the aggregate position limit to 8000 shares for this week.,189,2026-02-01 10:17:23.602780,SPNG,25.34,24.66,25.34,2144900.0,1417400.0,0,0
1.0,1.0,1.0,,Welcome to the RITC 2026 Alogithmic Market Making Case - practice server,,189,2026-02-01 10:17:23.602780,SMMR,24.71,24.71,24.75,1314800.0,1668000.0,0,0
,,,,,,189,2026-02-01 10:17:23.602780,ATMN,25.6,25.23,25.6,2269300.0,1367500.0,0,0
,,,,,,189,2026-02-01 10:17:23.602780,WNTR,24.68,24.41,24.47,1812200.0,1514400.0,0,0
2.0,1.0,1.0,,Aggregate Position Limit,Your CRO has set the aggregate position limit to 8000 shares for this week.,190,2026-02-01 10:17:24.630123,SPNG,24.58,24.58,25.29,1920400.0,1592500.0,0,0
1.0,1.0,1.0,,Welcome to the RITC 2026 Alogithmic Market Making Case - practice server,,190,2026-02-01 10:17:24.630123,SMMR,24.73,24.73,24.75,1424800.0,1668000.0,0,0
,,,,,,190,2026-02-01 10:17:24.630123,ATMN,25.36,25.24,25.36,2285600.0,1498700.0,0,0
,,,,,,190,2026-02-01 10:17:24.630123,WNTR,24.68,24.41,24.47,2088100.0,1514400.0,0,0
2.0,1.0,1.0,,Aggregate Position Limit,Your CRO has set the aggregate position limit to 8000 shares for this week.,191,2026-02-01 10:17:25.662720,SPNG,24.57,24.57,24.93,2026300.0,1720700.0,2500.0,
1.0,1.0,1.0,,Welcome to the RITC 2026 Alogithmic Market Making Case - practice server,,191,2026-02-01 10:17:25.662720,SMMR,24.75,24.76,24.82,1422100.0,1577000.0,,
,,,,,,191,2026-02-01 10:17:25.662720,ATMN,25.6,25.24,25.6,2285600.0,1556000.0,,2500.0
,,,,,,191,2026-02-01 10:17:25.662720,WNTR,24.74,24.54,24.74,1892000.0,1307000.0,,5000.0
2.0,1.0,1.0,,Aggregate Position Limit,Your CRO has set the aggregate position limit to 8000 shares for this week.,192,2026-02-01 10:17:26.713073,SPNG,24.93,24.57,24.93,2500.0,1907400.0,1761500.0,5000.0
1.0,1.0,1.0,,Welcome to the RITC 2026 Alogithmic Market Making Case - practice server,,192,2026-02-01 10:17:26.713073,SMMR,24.89,24.77,24.89,2500.0,1535800.0,1594700.0,
,,,,,,192,2026-02-01 10:17:26.713073,ATMN,25.11,25.14,25.31,2500.0,2160100.0,1655300.0,2500.0
,,,,,,192,2026-02-01 10:17:26.713073,WNTR,24.75,24.73,24.75,5000.0,1837200.0,1213300.0,
2.0,1.0,1.0,,Aggregate Position Limit,Your CRO has set the aggregate position limit to 8000 shares for this week.,193,2026-02-01 10:17:27.737401,SPNG,24.94,24.54,24.94,1907400.0,1919700.0,,
1.0,1.0,1.0,,Welcome to the RITC 2026 Alogithmic Market Making Case - practice server,,193,2026-02-01 10:17:27.737401,SMMR,24.94,24.77,24.83,1628000.0,1609600.0,2500.0,2500.0
,,,,,,193,2026-02-01 10:17:27.737401,ATMN,25.51,25.14,25.43,2396600.0,1656100.0,,
,,,,,,193,2026-02-01 10:17:27.737401,WNTR,24.77,24.53,24.77,2079800.0,1110500.0,,
2.0,1.0,1.0,,Aggregate Position Limit,Your CRO has set the aggregate position limit to 8000 shares for this week.,194,2026-02-01 10:17:28.752998,SPNG,25.09,25.01,25.09,2021600.0,2500.0,1874300.0,
1.0,1.0,1.0,,Welcome to the RITC 2026 Alogithmic Market Making Case - practice server,,194,2026-02-01 10:17:28.752998,SMMR,24.78,24.77,24.78,1735200.0,,1729900.0,
,,,,,,194,2026-02-01 10:17:28.752998,ATMN,25.6,25.36,25.41,2508500.0,,1786700.0,
,,,,,,194,2026-02-01 10:17:28.752998,WNTR,24.77,24.53,24.77,1993500.0,2500.0,1196500.0,2500.0
2.0,1.0,1.0,,Aggregate Position Limit,Your CRO has set the aggregate position limit to 8000 shares for this week.,198,2026-02-01 10:17:32.576455,SPNG,24.53,24.53,25.06,1862500.0,5000.0,1849500.0,2500.0
1.0,1.0,1.0,,Welcome to the RITC 2026 Alogithmic Market Making Case - practice server,,198,2026-02-01 10:17:32.576455,SMMR,24.7,24.77,24.79,1942500.0,2500.0,1833400.0,2500.0
,,,,,,198,2026-02-01 10:17:32.576455,ATMN,25.11,25.35,25.36,2220500.0,5000.0,1968600.0,5000.0
,,,,,,198,2026-02-01 10:17:32.576455,WNTR,24.6,24.66,24.71,1982400.0,2500.0,1196500.0,2500.0
2.0,1.0,1.0,,Aggregate Position Limit,Your CRO has set the aggregate position limit to 8000 shares for this week.,199,2026-02-01 10:17:34.017046,SPNG,24.72,24.53,24.72,2193500.0,1962300.0,,0
1.0,1.0,1.0,,Welcome to the RITC 2026 Alogithmic Market Making Case - practice server,,199,2026-02-01 10:17:34.017046,SMMR,24.77,24.77,24.81,2038300.0,1830600.0,,0
,,,,,,199,2026-02-01 10:17:34.017046,ATMN,25.11,25.11,25.36,2269600.0,2202900.0,,0
,,,,,,199,2026-02-01 10:17:34.017046,WNTR,24.58,24.72,24.79,1965000.0,1177200.0,2500.0,0
2.0,1.0,1.0,,Aggregate Position Limit,Your CRO has set the aggregate position limit to 8000 shares for this week.,201,2026-02-01 10:17:35.067253,SPNG,25.11,25.11,25.23,1928700.0,5000.0,1912700.0,
1.0,1.0,1.0,,Welcome to the RITC 2026 Alogithmic Market Making Case - practice server,,201,2026-02-01 10:17:35.067253,SMMR,24.83,24.77,24.83,2020100.0,,1724100.0,
,,,,,,201,2026-02-01 10:17:35.067253,ATMN,25.11,25.11,25.15,2511900.0,,2236500.0,
,,,,,,201,2026-02-01 10:17:35.067253,WNTR,24.72,24.8,24.9,1858500.0,5000.0,1002100.0,2500.0
2.0,1.0,1.0,,Aggregate Position Limit,Your CRO has set the aggregate position limit to 8000 shares for this week.,202,2026-02-01 10:17:36.122599,SPNG,25.11,25.11,25.23,2182100.0,1971500.0,,0
1.0,1.0,1.0,,Welcome to the RITC 2026 Alogithmic Market Making Case - practice server,,202,2026-02-01 10:17:36.122599,SMMR,24.83,24.89,24.94,1877100.0,1692200.0,2500.0,0
,,,,,,202,2026-02-01 10:17:36.122599,ATMN,25.15,25.11,25.15,2499500.0,2236500.0,,0
,,,,,,202,2026-02-01 10:17:36.122599,WNTR,24.82,24.86,24.9,2075600.0,1202800.0,,0
2.0,1.0,1.0,,Aggregate Position Limit,Your CRO has set the aggregate position limit to 8000 shares for this week.,203,2026-02-01 10:17:37.165673,SPNG,24.52,24.52,25.23,2305100.0,1935700.0,2500.0,
1.0,1.0,1.0,,Welcome to the RITC 2026 Alogithmic Market Making Case - practice server,,203,2026-02-01 10:17:37.165673,SMMR,24.77,24.77,24.79,1900800.0,1810300.0,,2500.0
,,,,,,203,2026-02-01 10:17:37.165673,ATMN,25.36,25.11,25.36,2462800.0,2202900.0,,
,,,,,,203,2026-02-01 10:17:37.165673,WNTR,24.72,24.58,24.71,2057700.0,1406300.0,,
2.0,1.0,1.0,,Aggregate Position Limit,Your CRO has set the aggregate position limit to 8000 shares for this week.,204,2026-02-01 10:17:38.202430,SPNG,24.52,24.52,25.1,2098400.0,2500.0,1881200.0,5000.0
1.0,1.0,1.0,,Welcome to the RITC 2026 Alogithmic Market Making Case - practice server,,204,2026-02-01 10:17:38.202430,SMMR,24.95,24.77,24.85,1900800.0,2500.0,1707700.0,
,,,,,,204,2026-02-01 10:17:38.202430,ATMN,25.03,25.03,25.11,2524500.0,,2089700.0,2500.0
,,,,,,204,2026-02-01 10:17:38.202430,WNTR,24.74,24.58,24.67,1946000.0,2500.0,1424800.0,
2.0,1.0,1.0,,Aggregate Position Limit,Your CRO has set the aggregate position limit to 8000 shares for this week.,205,2026-02-01 10:17:39.232630,SPNG,24.73,24.52,24.73,2157800.0,2106600.0,0,0
1.0,1.0,1.0,,Welcome to the RITC 2026 Alogithmic Market Making Case - practice server,,205,2026-02-01 10:17:39.232630,SMMR,24.95,24.77,24.95,2003300.0,1669800.0,0,0
,,,,,,205,2026-02-01 10:17:39.232630,ATMN,24.83,24.79,24.83,2464300.0,2210900.0,0,0
,,,,,,205,2026-02-01 10:17:39.232630,WNTR,24.76,24.58,24.72,2054000.0,1437700.0,0,0
2.0,1.0,1.0,,Aggregate Position Limit,Your CRO has set the aggregate position limit to 8000 shares for this week.,206,2026-02-01 10:17:40.269314,SPNG,24.73,24.74,25.1,2148000.0,2103700.0,,
1.0,1.0,1.0,,Welcome to the RITC 2026 Alogithmic Market Making Case - practice server,,206,2026-02-01 10:17:40.269314,SMMR,24.96,24.87,24.96,2016400.0,1650800.0,,
,,,,,,206,2026-02-01 10:17:40.269314,ATMN,24.83,25.06,25.11,2242200.0,2089700.0,2500.0,2500.0
,,,,,,206,2026-02-01 10:17:40.269314,WNTR,24.85,24.65,24.85,2065700.0,1425700.0,,
2.0,1.0,1.0,,Aggregate Position Limit,Your CRO has set the aggregate position limit to 8000 shares for this week.,207,2026-02-01 10:17:41.296112,SPNG,25.23,24.52,25.1,2040600.0,2500.0,2500.0,1993400.0
1.0,1.0,1.0,,Welcome to the RITC 2026 Alogithmic Market Making Case - practice server,,207,2026-02-01 10:17:41.296112,SMMR,24.76,24.87,24.96,1905300.0,2500.0,2500.0,1766800.0
,,,,,,207,2026-02-01 10:17:41.296112,ATMN,24.91,24.91,25.21,2418400.0,,,2197400.0
,,,,,,207,2026-02-01 10:17:41.296112,WNTR,24.92,24.65,24.92,1978400.0,2500.0,,1323000.0
2.0,1.0,1.0,,Aggregate Position Limit,Your CRO has set the aggregate position limit to 8000 shares for this week.,208,2026-02-01 10:17:42.314778,SPNG,25.12,24.57,25.1,2040400.0,2500.0,2500.0,1990900.0
1.0,1.0,1.0,,Welcome to the RITC 2026 Alogithmic Market Making Case - practice server,,208,2026-02-01 10:17:42.314778,SMMR,24.76,24.76,24.96,2005000.0,,,1766800.0
,,,,,,208,2026-02-01 10:17:42.314778,ATMN,25.55,24.91,25.23,2418400.0,,,2204000.0
,,,,,,208,2026-02-01 10:17:42.314778,WNTR,24.92,24.65,24.66,2065700.0,,,1744800.0
2.0,1.0,1.0,,Aggregate Position Limit,Your CRO has set the aggregate position limit to 8000 shares for this week.,209,2026-02-01 10:17:43.350394,SPNG,25.27,24.57,24.65,2029500.0,2500.0,2076100.0,0
1.0,1.0,1.0,,Welcome to the RITC 2026 Alogithmic Market Making Case - practice server,,209,2026-02-01 10:17:43.350394,SMMR,24.72,24.72,24.84,2015000.0,,1890100.0,0
,,,,,,209,2026-02-01 10:17:43.350394,ATMN,25.23,25.2,25.23,2359000.0,,2204000.0,0
,,,,,,209,2026-02-01 10:17:43.350394,WNTR,24.66,24.65,24.66,2113000.0,,1855600.0,0
2.0,1.0,1.0,,Aggregate Position Limit,Your CRO has set the aggregate position limit to 8000 shares for this week.,210,2026-02-01 10:17:44.387614,SPNG,24.57,24.57,24.65,1936600.0,5000.0,2500.0,1948400.0
1.0,1.0,1.0,,Welcome to the RITC 2026 Alogithmic Market Making Case - practice server,,210,2026-02-01 10:17:44.387614,SMMR,24.84,24.8,24.84,1881200.0,2500.0,2500.0,1902300.0
,,,,,,210,2026-02-01 10:17:44.387614,ATMN,25.31,25.31,25.39,2227700.0,2500.0,,2175700.0
,,,,,,210,2026-02-01 10:17:44.387614,WNTR,24.66,24.65,24.66,2111300.0,,,1960400.0
2.0,1.0,1.0,,Aggregate Position Limit,Your CRO has set the aggregate position limit to 8000 shares for this week.,253,2026-02-01 10:18:32.361242,SPNG,24.27,24.27,25.06,2214800.0,2500.0,1659800.0,2500.0
1.0,1.0,1.0,,Welcome to the RITC 2026 Alogithmic Market Making Case - practice server,,253,2026-02-01 10:18:32.361242,SMMR,25.32,25.4,25.5,1988800.0,2500.0,1846000.0,5000.0
,,,,,,253,2026-02-01 10:18:32.361242,ATMN,25.17,25.17,25.23,2208700.0,2500.0,2131200.0,
,,,,,,253,2026-02-01 10:18:32.361242,WNTR,25.71,25.7,25.71,1834400.0,,1871100.0,2500.0
2.0,1.0,1.0,,Aggregate Position Limit,Your CRO has set the aggregate position limit to 12000 shares for this week.,292,2026-02-01 10:55:25.794182,SPNG,25.8,25.77,25.8,2072200.0,1960000.0,,0
1.0,1.0,1.0,,Welcome to the RITC 2026 Alogithmic Market Making Case - practice server,,292,2026-02-01 10:55:25.794182,SMMR,23.68,23.66,23.68,2460200.0,2373700.0,,0
,,,,,,292,2026-02-01 10:55:25.794182,ATMN,25.57,25.7,25.78,2080400.0,2076200.0,2500.0,0
,,,,,,292,2026-02-01 10:55:25.794182,WNTR,25.25,25.3,25.31,2080000.0,2087400.0,,0
2.0,1.0,1.0,,Aggregate Position Limit,Your CRO has set the aggregate position limit to 12000 shares for this week.,293,2026-02-01 10:55:26.834010,SPNG,25.77,25.77,26.53,2072200.0,2500.0,1863300.0,
1.0,1.0,1.0,,Welcome to the RITC 2026 Alogithmic Market Making Case - practice server,,293,2026-02-01 10:55:26.834010,SMMR,23.68,23.65,23.68,2468500.0,,2373500.0,
,,,,,,293,2026-02-01 10:55:26.834010,ATMN,25.7,25.48,25.58,1873000.0,7500.0,1767300.0,7500.0
,,,,,,293,2026-02-01 10:55:26.834010,WNTR,25.31,25.3,25.31,2080000.0,,2067700.0,
2.0,1.0,1.0,,Aggregate Position Limit,Your CRO has set the aggregate position limit to 12000 shares for this week.,294,2026-02-01 10:55:27.861896,SPNG,25.77,25.81,26.31,1878100.0,5000.0,1648900.0,7500.0
1.0,1.0,1.0,,Welcome to the RITC 2026 Alogithmic Market Making Case - practice server,,294,2026-02-01 10:55:27.861896,SMMR,23.82,23.65,23.82,2468500.0,,2343500.0,
,,,,,,294,2026-02-01 10:55:27.861896,ATMN,25.83,25.49,25.83,1769200.0,10000.0,1825300.0,5000.0
,,,,,,294,2026-02-01 10:55:27.861896,WNTR,25.31,25.3,25.31,2071400.0,,2061600.0,
2.0,1.0,1.0,,Aggregate Position Limit,Your CRO has set the aggregate position limit to 12000 shares for this week.,295,2026-02-01 10:55:28.898716,SPNG,25.77,26.15,26.31,2073000.0,1940400.0,0,0
1.0,1.0,1.0,,Welcome to the RITC 2026 Alogithmic Market Making Case - practice server,,295,2026-02-01 10:55:28.898716,SMMR,23.63,23.63,23.66,2462600.0,2345700.0,0,0
,,,,,,295,2026-02-01 10:55:28.898716,ATMN,25.92,25.45,25.92,2198600.0,2061000.0,0,0
,,,,,,295,2026-02-01 10:55:28.898716,WNTR,25.27,25.27,25.29,2093200.0,2088200.0,0,0
2.0,1.0,1.0,,Aggregate Position Limit,Your CRO has set the aggregate position limit to 12000 shares for this week.,296,2026-02-01 10:55:29.930008,SPNG,26.15,26.15,26.21,2088300.0,1949800.0,0,0
1.0,1.0,1.0,,Welcome to the RITC 2026 Alogithmic Market Making Case - practice server,,296,2026-02-01 10:55:29.930008,SMMR,23.61,23.61,23.82,2467400.0,2370800.0,0,0
,,,,,,296,2026-02-01 10:55:29.930008,ATMN,25.96,25.6,25.96,2188500.0,2060800.0,0,0
,,,,,,296,2026-02-01 10:55:29.930008,WNTR,25.29,25.24,25.29,2094400.0,2091300.0,0,0
2.0,1.0,1.0,,Aggregate Position Limit,Your CRO has set the aggregate position limit to 12000 shares for this week.,297,2026-02-01 10:55:30.991099,SPNG,26.27,25.81,26.27,2072400.0,1945000.0,0,0
1.0,1.0,1.0,,Welcome to the RITC 2026 Alogithmic Market Making Case - practice server,,297,2026-02-01 10:55:30.991099,SMMR,23.61,23.61,23.81,2467400.0,2369500.0,0,0
,,,,,,297,2026-02-01 10:55:30.991099,ATMN,25.6,25.6,25.96,2188500.0,2060800.0,0,0
,,,,,,297,2026-02-01 10:55:30.991099,WNTR,25.37,25.29,25.37,2064600.0,2095100.0,0,0
2.0,1.0,1.0,,Aggregate Position Limit,Your CRO has set the aggregate position limit to 12000 shares for this week.,298,2026-02-01 10:55:32.014340,SPNG,26.22,26.06,26.22,2055900.0,1976600.0,0,0
1.0,1.0,1.0,,Welcome to the RITC 2026 Alogithmic Market Making Case - practice server,,298,2026-02-01 10:55:32.014340,SMMR,23.61,23.61,23.81,2449700.0,2369500.0,0,0
,,,,,,298,2026-02-01 10:55:32.014340,ATMN,25.6,25.6,25.96,2192800.0,2056200.0,0,0
,,,,,,298,2026-02-01 10:55:32.014340,WNTR,25.23,25.23,25.4,2115900.0,2114800.0,0,0
2.0,1.0,1.0,,Aggregate Position Limit,Your CRO has set the aggregate position limit to 12000 shares for this week.,299,2026-02-01 10:55:33.059127,SPNG,25.81,25.81,26.27,2080800.0,1944400.0,0,0
1.0,1.0,1.0,,Welcome to the RITC 2026 Alogithmic Market Making Case - practice server,,299,2026-02-01 10:55:33.059127,SMMR,23.61,23.73,23.77,2437700.0,2376300.0,0,0
,,,,,,299,2026-02-01 10:55:33.059127,ATMN,25.96,25.83,25.96,2166900.0,2056200.0,0,0
,,,,,,299,2026-02-01 10:55:33.059127,WNTR,25.22,25.22,25.4,2130000.0,2085900.0,0,0
