news_id,period,tick,ticker,headline,body,tick,timestamp,ticker,last_price,bid_price,ask_price,BUY_ANON,SELL_ANON,SELL_GIOT-2,BUY_GIOT-2
1.0,1.0,1.0,,Welcome to the RITC 2026 Liquidity Risk Case - practice server,Good Luck!,2,2026-02-01 01:53:32.447460,RITC,10.01,9.99,10.01,194500.0,197300.0,0,0
,,,,,,2,2026-02-01 01:53:32.447460,COMP,24.99,24.99,25.01,142600.0,144600.0,0,0
1.0,1.0,1.0,,Welcome to the RITC 2026 Liquidity Risk Case - practice server,Good Luck!,3,2026-02-01 01:53:33.484026,RITC,10.01,9.99,10.01,193300.0,197300.0,0,0
,,,,,,3,2026-02-01 01:53:33.484026,COMP,24.98,24.98,25.01,133300.0,144600.0,0,0
1.0,1.0,1.0,,Welcome to the RITC 2026 Liquidity Risk Case - practice server,Good Luck!,4,2026-02-01 01:53:34.498311,RITC,10.01,9.99,10.01,193000.0,197300.0,0,0
,,,,,,4,2026-02-01 01:53:34.498311,COMP,24.98,24.98,25.01,133300.0,144200.0,0,0
1.0,1.0,1.0,,Welcome to the RITC 2026 Liquidity Risk Case - practice server,Good Luck!,5,2026-02-01 01:53:35.514864,RITC,10.01,10.0,10.01,197000.0,197300.0,0,0
,,,,,,5,2026-02-01 01:53:35.514864,COMP,24.98,24.98,25.01,133300.0,144700.0,0,0
1.0,1.0,1.0,,Welcome to the RITC 2026 Liquidity Risk Case - practice server,Good Luck!,6,2026-02-01 01:53:36.551221,RITC,10.01,10.01,10.02,199800.0,195200.0,0,0
,,,,,,6,2026-02-01 01:53:36.551221,COMP,24.98,24.98,25.01,141800.0,145500.0,0,0
1.0,1.0,1.0,,Welcome to the RITC 2026 Liquidity Risk Case - practice server,Good Luck!,7,2026-02-01 01:53:37.581982,RITC,10.02,10.01,10.02,201300.0,176000.0,0,0
,,,,,,7,2026-02-01 01:53:37.581982,COMP,24.98,24.98,25.01,141800.0,144900.0,0,0
1.0,1.0,1.0,,Welcome to the RITC 2026 Liquidity Risk Case - practice server,Good Luck!,8,2026-02-01 01:53:38.631174,RITC,10.03,10.01,10.03,202800.0,167900.0,0,0
,,,,,,8,2026-02-01 01:53:38.631174,COMP,24.95,24.95,25.01,133500.0,144300.0,0,0
1.0,1.0,1.0,,Welcome to the RITC 2026 Liquidity Risk Case - practice server,Good Luck!,9,2026-02-01 01:53:39.682527,RITC,10.03,10.01,10.03,203400.0,167900.0,0,0
,,,,,,9,2026-02-01 01:53:39.682527,COMP,24.95,24.95,25.01,133500.0,145400.0,0,0
1.0,1.0,1.0,,Welcome to the RITC 2026 Liquidity Risk Case - practice server,Good Luck!,10,2026-02-01 01:53:40.698689,RITC,10.03,10.01,10.03,203000.0,158700.0,0,0
,,,,,,10,2026-02-01 01:53:40.698689,COMP,25.01,24.95,24.97,133500.0,146600.0,0,0
1.0,1.0,1.0,,Welcome to the RITC 2026 Liquidity Risk Case - practice server,Good Luck!,11,2026-02-01 01:53:41.717967,RITC,10.03,10.02,10.03,203300.0,148500.0,0,0
,,,,,,11,2026-02-01 01:53:41.717967,COMP,24.95,24.95,24.97,126100.0,146600.0,0,0
1.0,1.0,1.0,,Welcome to the RITC 2026 Liquidity Risk Case - practice server,Good Luck!,12,2026-02-01 01:53:42.748722,RITC,10.03,10.02,10.03,201300.0,139700.0,0,0
,,,,,,12,2026-02-01 01:53:42.748722,COMP,24.95,24.95,24.97,126100.0,146000.0,0,0
1.0,1.0,1.0,,Welcome to the RITC 2026 Liquidity Risk Case - practice server,Good Luck!,13,2026-02-01 01:53:43.765440,RITC,10.04,10.02,10.04,202000.0,130200.0,0,0
,,,,,,13,2026-02-01 01:53:43.765440,COMP,24.95,24.95,24.97,118900.0,146000.0,0,0
1.0,1.0,1.0,,Welcome to the RITC 2026 Liquidity Risk Case - practice server,Good Luck!,14,2026-02-01 01:53:44.778717,RITC,10.04,10.03,10.04,198700.0,121500.0,0,0
,,,,,,14,2026-02-01 01:53:44.778717,COMP,24.99,24.95,24.99,118900.0,146900.0,0,0
1.0,1.0,1.0,,Welcome to the RITC 2026 Liquidity Risk Case - practice server,Good Luck!,15,2026-02-01 01:53:45.795670,RITC,10.05,10.03,10.05,200500.0,110600.0,0,0
,,,,,,15,2026-02-01 01:53:45.795670,COMP,24.99,24.95,24.99,125300.0,145000.0,0,0
1.0,1.0,1.0,,Welcome to the RITC 2026 Liquidity Risk Case - practice server,Good Luck!,16,2026-02-01 01:53:46.817925,RITC,10.05,10.04,10.05,199400.0,110600.0,0,0
,,,,,,16,2026-02-01 01:53:46.817925,COMP,24.95,24.93,24.95,117300.0,146600.0,0,0
1.0,1.0,1.0,,Welcome to the RITC 2026 Liquidity Risk Case - practice server,Good Luck!,17,2026-02-01 01:53:47.851701,RITC,10.09,10.09,10.1,201500.0,99400.0,0,0
,,,,,,17,2026-02-01 01:53:47.851701,COMP,24.95,24.93,24.95,130300.0,146600.0,0,0
1.0,1.0,1.0,,Welcome to the RITC 2026 Liquidity Risk Case - practice server,Good Luck!,18,2026-02-01 01:53:48.898517,RITC,10.1,10.09,10.1,201000.0,99400.0,0,0
,,,,,,18,2026-02-01 01:53:48.898517,COMP,24.99,24.93,24.99,130300.0,145000.0,0,0
1.0,1.0,1.0,,Welcome to the RITC 2026 Liquidity Risk Case - practice server,Good Luck!,19,2026-02-01 01:53:49.931437,RITC,10.1,10.09,10.1,201000.0,98400.0,0,0
,,,,,,19,2026-02-01 01:53:49.931437,COMP,24.99,24.99,25.01,137500.0,145900.0,0,0
1.0,1.0,1.0,,Welcome to the RITC 2026 Liquidity Risk Case - practice server,Good Luck!,20,2026-02-01 01:53:50.954070,RITC,10.09,10.06,10.08,201200.0,106700.0,0,0
,,,,,,20,2026-02-01 01:53:50.954070,COMP,24.99,24.99,25.01,138400.0,145900.0,0,0
1.0,1.0,1.0,,Welcome to the RITC 2026 Liquidity Risk Case - practice server,Good Luck!,21,2026-02-01 01:53:51.983696,RITC,10.08,10.08,10.11,198900.0,97400.0,0,0
,,,,,,21,2026-02-01 01:53:51.983696,COMP,25.01,24.99,25.01,138000.0,146400.0,0,0
1.0,1.0,1.0,,Welcome to the RITC 2026 Liquidity Risk Case - practice server,Good Luck!,23,2026-02-01 01:53:53.028507,RITC,10.11,10.08,10.11,198900.0,94500.0,0,0
,,,,,,23,2026-02-01 01:53:53.028507,COMP,24.98,24.98,25.01,137700.0,146400.0,0,0
1.0,1.0,1.0,,Welcome to the RITC 2026 Liquidity Risk Case - practice server,Good Luck!,24,2026-02-01 01:53:54.054320,RITC,10.11,10.08,10.11,198900.0,104700.0,0,0
,,,,,,24,2026-02-01 01:53:54.054320,COMP,24.98,24.98,25.01,137800.0,146400.0,0,0
1.0,1.0,1.0,,Welcome to the RITC 2026 Liquidity Risk Case - practice server,Good Luck!,25,2026-02-01 01:53:55.085999,RITC,10.12,10.11,10.12,197500.0,95300.0,0,0
,,,,,,25,2026-02-01 01:53:55.085999,COMP,24.93,24.93,24.96,136900.0,147400.0,0,0
1.0,1.0,1.0,,Welcome to the RITC 2026 Liquidity Risk Case - practice server,Good Luck!,26,2026-02-01 01:53:56.115640,RITC,10.14,10.11,10.14,197500.0,96800.0,0,0
,,,,,,26,2026-02-01 01:53:56.115640,COMP,24.93,24.93,24.96,136900.0,147400.0,0,0
1.0,1.0,1.0,,Welcome to the RITC 2026 Liquidity Risk Case - practice server,Good Luck!,27,2026-02-01 01:53:57.133943,RITC,10.14,10.14,10.15,199800.0,98500.0,0,0
,,,,,,27,2026-02-01 01:53:57.133943,COMP,24.93,24.95,24.96,134500.0,147400.0,0,0
1.0,1.0,1.0,,Welcome to the RITC 2026 Liquidity Risk Case - practice server,Good Luck!,28,2026-02-01 01:53:58.166115,RITC,10.14,10.14,10.15,202100.0,98500.0,0,0
,,,,,,28,2026-02-01 01:53:58.166115,COMP,24.93,24.95,24.96,134500.0,146700.0,0,0
1.0,1.0,1.0,,Welcome to the RITC 2026 Liquidity Risk Case - practice server,Good Luck!,29,2026-02-01 01:53:59.198,RITC,10.14,10.14,10.15,202100.0,117700.0,0,0
,,,,,,29,2026-02-01 01:53:59.198,COMP,24.93,24.95,24.96,134500.0,146600.0,0,0
1.0,1.0,1.0,,Welcome to the RITC 2026 Liquidity Risk Case - practice server,Good Luck!,30,2026-02-01 01:54:00.234539,RITC,10.15,10.14,10.15,202100.0,129000.0,0,0
,,,,,,30,2026-02-01 01:54:00.234539,COMP,24.97,24.95,24.97,134300.0,145400.0,0,0
1.0,1.0,1.0,,Welcome to the RITC 2026 Liquidity Risk Case - practice server,Good Luck!,31,2026-02-01 01:54:01.268608,RITC,10.15,10.14,10.15,199300.0,138900.0,0,0
,,,,,,31,2026-02-01 01:54:01.268608,COMP,24.95,24.94,24.95,134500.0,146700.0,0,0
1.0,1.0,1.0,,Welcome to the RITC 2026 Liquidity Risk Case - practice server,Good Luck!,32,2026-02-01 01:54:02.298562,RITC,10.15,10.14,10.15,197600.0,146600.0,0,0
,,,,,,32,2026-02-01 01:54:02.298562,COMP,24.97,24.94,24.97,136100.0,145700.0,0,0
1.0,1.0,1.0,,Welcome to the RITC 2026 Liquidity Risk Case - practice server,Good Luck!,33,2026-02-01 01:54:03.344130,RITC,10.15,10.14,10.15,197600.0,166500.0,0,0
,,,,,,33,2026-02-01 01:54:03.344130,COMP,24.97,24.94,24.97,136100.0,145500.0,0,0
1.0,1.0,1.0,,Welcome to the RITC 2026 Liquidity Risk Case - practice server,Good Luck!,34,2026-02-01 01:54:04.390405,RITC,10.15,10.14,10.15,198900.0,177700.0,0,0
,,,,,,34,2026-02-01 01:54:04.390405,COMP,24.97,24.95,24.97,136000.0,145500.0,0,0
1.0,1.0,1.0,,Welcome to the RITC 2026 Liquidity Risk Case - practice server,Good Luck!,35,2026-02-01 01:54:05.419448,RITC,10.13,10.13,10.15,198500.0,187100.0,0,0
,,,,,,35,2026-02-01 01:54:05.419448,COMP,24.97,24.95,24.97,136000.0,145500.0,0,0
1.0,1.0,1.0,,Welcome to the RITC 2026 Liquidity Risk Case - practice server,Good Luck!,36,2026-02-01 01:54:06.453725,RITC,10.13,10.14,10.15,196600.0,198700.0,0,0
,,,,,,36,2026-02-01 01:54:06.453725,COMP,25.0,25.0,25.01,139200.0,148300.0,0,0
1.0,1.0,1.0,,Welcome to the RITC 2026 Liquidity Risk Case - practice server,Good Luck!,37,2026-02-01 01:54:07.487179,RITC,10.12,10.12,10.15,199200.0,198700.0,0,0
,,,,,,37,2026-02-01 01:54:07.487179,COMP,25.01,25.0,25.01,139200.0,148300.0,0,0
1.0,1.0,1.0,,Welcome to the RITC 2026 Liquidity Risk Case - practice server,Good Luck!,38,2026-02-01 01:54:08.518133,RITC,10.12,10.12,10.15,199200.0,200400.0,0,0
,,,,,,38,2026-02-01 01:54:08.518133,COMP,25.01,25.0,25.01,139200.0,147200.0,0,0
1.0,1.0,1.0,,Welcome to the RITC 2026 Liquidity Risk Case - practice server,Good Luck!,39,2026-02-01 01:54:09.553982,RITC,10.12,10.12,10.15,199200.0,202100.0,0,0
,,,,,,39,2026-02-01 01:54:09.553982,COMP,25.01,25.0,25.01,139200.0,147200.0,0,0
1.0,1.0,1.0,,Welcome to the RITC 2026 Liquidity Risk Case - practice server,Good Luck!,40,2026-02-01 01:54:10.583931,RITC,10.12,10.12,10.13,199200.0,203700.0,0,0
,,,,,,40,2026-02-01 01:54:10.583931,COMP,25.01,25.0,25.01,139100.0,147200.0,0,0
1.0,1.0,1.0,,Welcome to the RITC 2026 Liquidity Risk Case - practice server,Good Luck!,41,2026-02-01 01:54:11.606884,RITC,10.12,10.12,10.13,199200.0,201800.0,0,0
,,,,,,41,2026-02-01 01:54:11.606884,COMP,25.01,25.0,25.01,139100.0,149000.0,0,0
1.0,1.0,1.0,,Welcome to the RITC 2026 Liquidity Risk Case - practice server,Good Luck!,42,2026-02-01 01:54:12.633644,RITC,10.12,10.12,10.13,198200.0,199100.0,0,0
,,,,,,42,2026-02-01 01:54:12.633644,COMP,25.01,25.0,25.01,139100.0,150300.0,0,0
1.0,1.0,1.0,,Welcome to the RITC 2026 Liquidity Risk Case - practice server,Good Luck!,43,2026-02-01 01:54:13.672917,RITC,10.11,10.11,10.13,198300.0,199100.0,0,0
,,,,,,43,2026-02-01 01:54:13.672917,COMP,25.0,24.96,24.98,137300.0,149000.0,0,0
1.0,1.0,1.0,,Welcome to the RITC 2026 Liquidity Risk Case - practice server,Good Luck!,44,2026-02-01 01:54:14.706425,RITC,10.11,10.11,10.13,197600.0,198400.0,0,0
,,,,,,44,2026-02-01 01:54:14.706425,COMP,25.02,24.96,25.02,137300.0,150500.0,0,0
1.0,1.0,1.0,,Welcome to the RITC 2026 Liquidity Risk Case - practice server,Good Luck!,45,2026-02-01 01:54:15.733747,RITC,10.08,10.08,10.12,199300.0,196600.0,0,0
,,,,,,45,2026-02-01 01:54:15.733747,COMP,25.02,24.96,25.02,137300.0,150500.0,0,0
1.0,1.0,1.0,,Welcome to the RITC 2026 Liquidity Risk Case - practice server,Good Luck!,46,2026-02-01 01:54:16.783842,RITC,10.06,10.06,10.09,198800.0,199900.0,0,0
,,,,,,46,2026-02-01 01:54:16.783842,COMP,25.02,24.96,25.0,138600.0,150500.0,0,0
1.0,1.0,1.0,,Welcome to the RITC 2026 Liquidity Risk Case - practice server,Good Luck!,47,2026-02-01 01:54:17.815394,RITC,10.09,10.06,10.09,199300.0,199900.0,0,0
,,,,,,47,2026-02-01 01:54:17.815394,COMP,25.02,24.96,25.0,138600.0,150500.0,0,0
1.0,1.0,1.0,,Welcome to the RITC 2026 Liquidity Risk Case - practice server,Good Luck!,48,2026-02-01 01:54:18.833937,RITC,10.06,10.05,10.06,202600.0,201600.0,0,0
,,,,,,48,2026-02-01 01:54:18.833937,COMP,25.02,24.96,25.0,138600.0,148800.0,0,0
1.0,1.0,1.0,,Welcome to the RITC 2026 Liquidity Risk Case - practice server,Good Luck!,49,2026-02-01 01:54:19.865336,RITC,10.04,10.04,10.06,201400.0,202200.0,0,0
,,,,,,49,2026-02-01 01:54:19.865336,COMP,25.02,24.97,25.0,139100.0,148800.0,0,0
1.0,1.0,1.0,,Welcome to the RITC 2026 Liquidity Risk Case - practice server,Good Luck!,50,2026-02-01 01:54:20.888867,RITC,10.04,10.04,10.05,201400.0,201300.0,0,0
,,,,,,50,2026-02-01 01:54:20.888867,COMP,24.96,24.96,25.0,138600.0,148800.0,0,0
1.0,1.0,1.0,,Welcome to the RITC 2026 Liquidity Risk Case - practice server,Good Luck!,51,2026-02-01 01:54:21.917999,RITC,10.04,10.04,10.05,201400.0,201600.0,0,0
,,,,,,51,2026-02-01 01:54:21.917999,COMP,25.0,24.96,25.0,138600.0,148800.0,0,0
1.0,1.0,1.0,,Welcome to the RITC 2026 Liquidity Risk Case - practice server,Good Luck!,52,2026-02-01 01:54:22.935995,RITC,10.04,10.04,10.05,201900.0,198700.0,0,0
,,,,,,52,2026-02-01 01:54:22.935995,COMP,24.95,24.95,25.0,136300.0,148800.0,0,0
1.0,1.0,1.0,,Welcome to the RITC 2026 Liquidity Risk Case - practice server,Good Luck!,53,2026-02-01 01:54:23.953982,RITC,10.03,10.03,10.05,200500.0,198700.0,0,0
,,,,,,53,2026-02-01 01:54:23.953982,COMP,25.02,24.95,25.02,136300.0,149100.0,0,0
1.0,1.0,1.0,,Welcome to the RITC 2026 Liquidity Risk Case - practice server,Good Luck!,54,2026-02-01 01:54:24.982652,RITC,10.02,10.02,10.05,201700.0,198700.0,0,0
,,,,,,54,2026-02-01 01:54:24.982652,COMP,24.94,24.94,25.02,135800.0,149100.0,0,0
1.0,1.0,1.0,,Welcome to the RITC 2026 Liquidity Risk Case - practice server,Good Luck!,55,2026-02-01 01:54:26.004003,RITC,10.01,10.01,10.05,201400.0,198700.0,0,0
,,,,,,55,2026-02-01 01:54:26.004003,COMP,24.94,24.96,25.02,134200.0,149100.0,0,0
1.0,1.0,1.0,,Welcome to the RITC 2026 Liquidity Risk Case - practice server,Good Luck!,56,2026-02-01 01:54:27.019593,RITC,10.01,10.01,10.05,202400.0,198800.0,0,0
,,,,,,56,2026-02-01 01:54:27.019593,COMP,24.94,24.98,25.02,136400.0,149100.0,0,0
1.0,1.0,1.0,,Welcome to the RITC 2026 Liquidity Risk Case - practice server,Good Luck!,57,2026-02-01 01:54:28.033923,RITC,10.01,10.01,10.04,205000.0,198000.0,0,0
,,,,,,57,2026-02-01 01:54:28.033923,COMP,24.94,24.99,25.02,138800.0,149100.0,0,0
1.0,1.0,1.0,,Welcome to the RITC 2026 Liquidity Risk Case - practice server,Good Luck!,58,2026-02-01 01:54:29.048444,RITC,10.0,10.0,10.02,203900.0,200200.0,0,0
,,,,,,58,2026-02-01 01:54:29.048444,COMP,24.99,24.99,25.02,138800.0,149100.0,0,0
1.0,1.0,1.0,,Welcome to the RITC 2026 Liquidity Risk Case - practice server,Good Luck!,59,2026-02-01 01:54:30.082310,RITC,10.0,10.0,10.02,203900.0,201000.0,0,0
,,,,,,59,2026-02-01 01:54:30.082310,COMP,25.02,24.99,25.02,138100.0,149600.0,0,0
1.0,1.0,1.0,,Welcome to the RITC 2026 Liquidity Risk Case - practice server,Good Luck!,60,2026-02-01 01:54:31.103932,RITC,10.0,10.0,10.02,203900.0,200600.0,0,0
,,,,,,60,2026-02-01 01:54:31.103932,COMP,24.98,24.98,25.02,136800.0,148100.0,0,0
1.0,1.0,1.0,,Welcome to the RITC 2026 Liquidity Risk Case - practice server,Good Luck!,61,2026-02-01 01:54:32.134148,RITC,9.99,9.99,10.02,202100.0,200600.0,0,0
,,,,,,61,2026-02-01 01:54:32.134148,COMP,24.98,24.98,25.02,137700.0,148100.0,0,0
1.0,1.0,1.0,,Welcome to the RITC 2026 Liquidity Risk Case - practice server,Good Luck!,62,2026-02-01 01:54:33.147107,RITC,9.99,9.99,10.01,202100.0,202100.0,0,0
,,,,,,62,2026-02-01 01:54:33.147107,COMP,24.98,24.98,25.02,137700.0,148900.0,0,0
1.0,1.0,1.0,,Welcome to the RITC 2026 Liquidity Risk Case - practice server,Good Luck!,63,2026-02-01 01:54:34.165420,RITC,9.99,9.99,10.01,202000.0,201400.0,0,0
,,,,,,63,2026-02-01 01:54:34.165420,COMP,24.98,24.98,25.02,137700.0,148900.0,0,0
1.0,1.0,1.0,,Welcome to the RITC 2026 Liquidity Risk Case - practice server,Good Luck!,64,2026-02-01 01:54:35.182493,RITC,9.99,9.99,10.01,201500.0,204700.0,0,0
,,,,,,64,2026-02-01 01:54:35.182493,COMP,24.98,24.98,25.02,138400.0,148900.0,0,0
1.0,1.0,1.0,,Welcome to the RITC 2026 Liquidity Risk Case - practice server,Good Luck!,65,2026-02-01 01:54:36.198710,RITC,9.99,9.99,10.0,199200.0,205700.0,0,0
,,,,,,65,2026-02-01 01:54:36.198710,COMP,24.99,24.99,25.02,138600.0,148900.0,0,0
1.0,1.0,1.0,,Welcome to the RITC 2026 Liquidity Risk Case - practice server,Good Luck!,66,2026-02-01 01:54:37.219395,RITC,9.99,9.99,10.0,200000.0,205700.0,0,0
,,,,,,66,2026-02-01 01:54:37.219395,COMP,25.02,24.99,25.02,138600.0,147800.0,0,0
1.0,1.0,1.0,,Welcome to the RITC 2026 Liquidity Risk Case - practice server,Good Luck!,68,2026-02-01 01:54:38.253916,RITC,9.99,9.99,10.0,200000.0,205700.0,0,0
,,,,,,68,2026-02-01 01:54:38.253916,COMP,24.99,24.98,24.99,140000.0,147700.0,0,0
1.0,1.0,1.0,,Welcome to the RITC 2026 Liquidity Risk Case - practice server,Good Luck!,69,2026-02-01 01:54:39.289141,RITC,9.99,9.98,9.99,200800.0,204900.0,0,0
,,,,,,69,2026-02-01 01:54:39.289141,COMP,24.98,24.98,24.99,138500.0,147700.0,0,0
1.0,1.0,1.0,,Welcome to the RITC 2026 Liquidity Risk Case - practice server,Good Luck!,70,2026-02-01 01:54:40.315376,RITC,9.98,9.98,9.99,200800.0,203500.0,0,0
,,,,,,70,2026-02-01 01:54:40.315376,COMP,24.99,24.98,24.99,138300.0,147700.0,0,0
1.0,1.0,1.0,,Welcome to the RITC 2026 Liquidity Risk Case - practice server,Good Luck!,71,2026-02-01 01:54:41.344317,RITC,9.98,9.98,9.99,200800.0,202200.0,0,0
,,,,,,71,2026-02-01 01:54:41.344317,COMP,25.02,24.98,25.02,138300.0,146500.0,0,0
1.0,1.0,1.0,,Welcome to the RITC 2026 Liquidity Risk Case - practice server,Good Luck!,72,2026-02-01 01:54:42.367843,RITC,9.98,9.98,9.99,200800.0,200700.0,0,0
,,,,,,72,2026-02-01 01:54:42.367843,COMP,25.02,24.98,25.02,138300.0,146500.0,0,0
1.0,1.0,1.0,,Welcome to the RITC 2026 Liquidity Risk Case - practice server,Good Luck!,73,2026-02-01 01:54:43.396706,RITC,9.98,9.98,9.99,198800.0,200700.0,0,0
,,,,,,73,2026-02-01 01:54:43.396706,COMP,24.98,24.96,24.97,138500.0,146900.0,0,0
1.0,1.0,1.0,,Welcome to the RITC 2026 Liquidity Risk Case - practice server,Good Luck!,74,2026-02-01 01:54:44.425768,RITC,9.98,9.98,9.99,198800.0,201200.0,0,0
,,,,,,74,2026-02-01 01:54:44.425768,COMP,24.94,24.94,24.97,138300.0,146900.0,0,0
1.0,1.0,1.0,,Welcome to the RITC 2026 Liquidity Risk Case - practice server,Good Luck!,75,2026-02-01 01:54:45.435609,RITC,9.98,9.98,9.99,199600.0,201200.0,0,0
,,,,,,75,2026-02-01 01:54:45.435609,COMP,24.93,24.93,24.97,138200.0,146100.0,0,0
1.0,1.0,1.0,,Welcome to the RITC 2026 Liquidity Risk Case - practice server,Good Luck!,76,2026-02-01 01:54:46.469352,RITC,9.98,9.98,9.99,200000.0,202700.0,0,0
,,,,,,76,2026-02-01 01:54:46.469352,COMP,25.02,24.94,25.02,138900.0,146100.0,0,0
1.0,1.0,1.0,,Welcome to the RITC 2026 Liquidity Risk Case - practice server,Good Luck!,77,2026-02-01 01:54:47.503474,RITC,9.98,9.98,9.99,201400.0,202700.0,0,0
,,,,,,77,2026-02-01 01:54:47.503474,COMP,25.02,24.94,25.01,138900.0,147200.0,0,0
1.0,1.0,1.0,,Welcome to the RITC 2026 Liquidity Risk Case - practice server,Good Luck!,78,2026-02-01 01:54:48.535131,RITC,9.99,9.98,9.99,200200.0,202700.0,0,0
,,,,,,78,2026-02-01 01:54:48.535131,COMP,25.02,24.94,25.01,138900.0,147200.0,0,0
1.0,1.0,1.0,,Welcome to the RITC 2026 Liquidity Risk Case - practice server,Good Luck!,79,2026-02-01 01:54:49.570093,RITC,9.99,9.98,9.99,196900.0,203000.0,0,0
,,,,,,79,2026-02-01 01:54:49.570093,COMP,24.93,24.93,24.96,138200.0,145800.0,0,0
1.0,1.0,1.0,,Welcome to the RITC 2026 Liquidity Risk Case - practice server,Good Luck!,80,2026-02-01 01:54:50.603928,RITC,9.97,9.97,9.99,196700.0,203000.0,0,0
,,,,,,80,2026-02-01 01:54:50.603928,COMP,24.93,24.93,24.96,138200.0,143400.0,0,0
1.0,1.0,1.0,,Welcome to the RITC 2026 Liquidity Risk Case - practice server,Good Luck!,81,2026-02-01 01:54:51.637836,RITC,9.97,9.98,9.99,196800.0,203700.0,0,0
,,,,,,81,2026-02-01 01:54:51.637836,COMP,24.93,24.93,24.96,139700.0,143900.0,0,0
1.0,1.0,1.0,,Welcome to the RITC 2026 Liquidity Risk Case - practice server,Good Luck!,82,2026-02-01 01:54:52.669336,RITC,9.99,9.98,9.99,196800.0,204800.0,0,0
,,,,,,82,2026-02-01 01:54:52.669336,COMP,24.93,24.93,24.96,140100.0,143900.0,0,0
1.0,1.0,1.0,,Welcome to the RITC 2026 Liquidity Risk Case - practice server,Good Luck!,83,2026-02-01 01:54:53.701988,RITC,9.97,9.97,9.98,197900.0,206500.0,0,0
,,,,,,83,2026-02-01 01:54:53.701988,COMP,24.97,24.93,24.97,140100.0,143300.0,0,0
1.0,1.0,1.0,,Welcome to the RITC 2026 Liquidity Risk Case - practice server,Good Luck!,84,2026-02-01 01:54:54.715528,RITC,9.99,9.96,9.99,198400.0,202800.0,0,0
,,,,,,84,2026-02-01 01:54:54.715528,COMP,24.97,24.93,24.97,140100.0,144300.0,0,0
1.0,1.0,1.0,,Welcome to the RITC 2026 Liquidity Risk Case - practice server,Good Luck!,85,2026-02-01 01:54:55.738641,RITC,9.99,9.96,9.97,198400.0,201800.0,0,0
,,,,,,85,2026-02-01 01:54:55.738641,COMP,24.93,24.93,24.97,140700.0,144300.0,0,0
1.0,1.0,1.0,,Welcome to the RITC 2026 Liquidity Risk Case - practice server,Good Luck!,86,2026-02-01 01:54:56.806042,RITC,9.99,9.96,9.99,197800.0,201000.0,0,0
,,,,,,86,2026-02-01 01:54:56.806042,COMP,24.93,24.93,24.97,139500.0,144300.0,0,0
1.0,1.0,1.0,,Welcome to the RITC 2026 Liquidity Risk Case - practice server,Good Luck!,87,2026-02-01 01:54:57.848998,RITC,9.99,9.97,9.99,196900.0,202000.0,0,0
,,,,,,87,2026-02-01 01:54:57.848998,COMP,24.93,24.93,24.96,139500.0,142600.0,0,0
1.0,1.0,1.0,,Welcome to the RITC 2026 Liquidity Risk Case - practice server,Good Luck!,88,2026-02-01 01:54:58.866990,RITC,9.99,9.97,9.99,196900.0,200600.0,0,0
,,,,,,88,2026-02-01 01:54:58.866990,COMP,24.93,24.92,24.96,137400.0,141000.0,0,0
1.0,1.0,1.0,,Welcome to the RITC 2026 Liquidity Risk Case - practice server,Good Luck!,89,2026-02-01 01:54:59.899103,RITC,9.99,9.97,9.99,198200.0,200900.0,0,0
,,,,,,89,2026-02-01 01:54:59.899103,COMP,24.96,24.92,24.96,137400.0,142200.0,0,0
1.0,1.0,1.0,,Welcome to the RITC 2026 Liquidity Risk Case - practice server,Good Luck!,90,2026-02-01 01:55:00.921264,RITC,10.0,9.97,10.0,198200.0,202500.0,0,0
,,,,,,90,2026-02-01 01:55:00.921264,COMP,24.91,24.91,24.96,139600.0,142200.0,0,0
1.0,1.0,1.0,,Welcome to the RITC 2026 Liquidity Risk Case - practice server,Good Luck!,91,2026-02-01 01:55:01.952633,RITC,10.0,9.97,10.0,198200.0,203800.0,0,0
,,,,,,91,2026-02-01 01:55:01.952633,COMP,24.91,24.91,24.96,140900.0,142200.0,0,0
1.0,1.0,1.0,,Welcome to the RITC 2026 Liquidity Risk Case - practice server,Good Luck!,92,2026-02-01 01:55:02.965953,RITC,10.0,9.97,10.0,196600.0,203800.0,0,0
,,,,,,92,2026-02-01 01:55:02.965953,COMP,24.94,24.94,24.96,142800.0,142200.0,0,0
1.0,1.0,1.0,,Welcome to the RITC 2026 Liquidity Risk Case - practice server,Good Luck!,93,2026-02-01 01:55:03.988632,RITC,10.01,9.99,10.01,196900.0,201900.0,0,0
,,,,,,93,2026-02-01 01:55:03.988632,COMP,24.91,24.91,24.96,140500.0,142200.0,0,0
1.0,1.0,1.0,,Welcome to the RITC 2026 Liquidity Risk Case - practice server,Good Luck!,94,2026-02-01 01:55:05.017179,RITC,10.01,9.99,10.01,196600.0,202600.0,0,0
,,,,,,94,2026-02-01 01:55:05.017179,COMP,24.91,24.91,24.93,140500.0,143000.0,0,0
1.0,1.0,1.0,,Welcome to the RITC 2026 Liquidity Risk Case - practice server,Good Luck!,95,2026-02-01 01:55:06.049138,RITC,10.01,10.0,10.01,195300.0,199700.0,0,0
,,,,,,95,2026-02-01 01:55:06.049138,COMP,24.91,24.91,24.93,139100.0,141300.0,0,0
1.0,1.0,1.0,,Welcome to the RITC 2026 Liquidity Risk Case - practice server,Good Luck!,96,2026-02-01 01:55:07.084900,RITC,10.01,10.0,10.01,194600.0,199400.0,0,0
,,,,,,96,2026-02-01 01:55:07.084900,COMP,24.93,24.91,24.93,139100.0,141300.0,0,0
1.0,1.0,1.0,,Welcome to the RITC 2026 Liquidity Risk Case - practice server,Good Luck!,97,2026-02-01 01:55:08.099043,RITC,10.01,10.0,10.01,194600.0,198800.0,0,0
,,,,,,97,2026-02-01 01:55:08.099043,COMP,24.93,24.95,24.96,139000.0,141000.0,0,0
1.0,1.0,1.0,,Welcome to the RITC 2026 Liquidity Risk Case - practice server,Good Luck!,98,2026-02-01 01:55:09.141739,RITC,10.01,10.0,10.01,194600.0,203100.0,0,0
,,,,,,98,2026-02-01 01:55:09.141739,COMP,24.96,24.95,24.96,141000.0,142600.0,0,0
1.0,1.0,1.0,,Welcome to the RITC 2026 Liquidity Risk Case - practice server,Good Luck!,99,2026-02-01 01:55:10.175950,RITC,10.02,10.01,10.02,195900.0,199800.0,0,0
,,,,,,99,2026-02-01 01:55:10.175950,COMP,24.96,24.95,24.96,142900.0,142600.0,0,0
1.0,1.0,1.0,,Welcome to the RITC 2026 Liquidity Risk Case - practice server,Good Luck!,100,2026-02-01 01:55:11.223897,RITC,10.02,10.01,10.02,196100.0,198100.0,0,0
,,,,,,100,2026-02-01 01:55:11.223897,COMP,24.95,24.95,24.96,144000.0,142600.0,0,0
1.0,1.0,1.0,,Welcome to the RITC 2026 Liquidity Risk Case - practice server,Good Luck!,101,2026-02-01 01:55:12.257818,RITC,10.02,10.01,10.02,196700.0,198900.0,0,0
,,,,,,101,2026-02-01 01:55:12.257818,COMP,24.97,24.95,24.97,144000.0,142500.0,0,0
1.0,1.0,1.0,,Welcome to the RITC 2026 Liquidity Risk Case - practice server,Good Luck!,102,2026-02-01 01:55:13.320188,RITC,10.02,10.02,10.03,195400.0,197600.0,0,0
,,,,,,102,2026-02-01 01:55:13.320188,COMP,24.97,24.95,24.97,144500.0,142500.0,0,0
1.0,1.0,1.0,,Welcome to the RITC 2026 Liquidity Risk Case - practice server,Good Luck!,103,2026-02-01 01:55:14.354027,RITC,10.03,10.02,10.03,195400.0,197600.0,0,0
,,,,,,103,2026-02-01 01:55:14.354027,COMP,24.97,24.96,24.97,144200.0,142500.0,0,0
1.0,1.0,1.0,,Welcome to the RITC 2026 Liquidity Risk Case - practice server,Good Luck!,104,2026-02-01 01:55:15.385979,RITC,10.03,10.02,10.03,195400.0,198500.0,0,0
,,,,,,104,2026-02-01 01:55:15.385979,COMP,24.97,24.96,24.97,143500.0,142500.0,0,0
1.0,1.0,1.0,,Welcome to the RITC 2026 Liquidity Risk Case - practice server,Good Luck!,105,2026-02-01 01:55:16.404281,RITC,10.03,10.02,10.03,198400.0,198500.0,0,0
,,,,,,105,2026-02-01 01:55:16.404281,COMP,24.97,24.96,24.97,143400.0,144000.0,0,0
1.0,1.0,1.0,,Welcome to the RITC 2026 Liquidity Risk Case - practice server,Good Luck!,106,2026-02-01 01:55:17.421415,RITC,10.02,10.02,10.03,201000.0,198500.0,0,0
,,,,,,106,2026-02-01 01:55:17.421415,COMP,24.97,24.96,24.97,141500.0,143900.0,0,0
1.0,1.0,1.0,,Welcome to the RITC 2026 Liquidity Risk Case - practice server,Good Luck!,107,2026-02-01 01:55:18.436634,RITC,10.02,10.02,10.03,200600.0,198300.0,0,0
,,,,,,107,2026-02-01 01:55:18.436634,COMP,25.0,24.96,25.0,141500.0,143700.0,0,0
1.0,1.0,1.0,,Welcome to the RITC 2026 Liquidity Risk Case - practice server,Good Luck!,109,2026-02-01 01:55:19.472244,RITC,10.02,10.02,10.04,199000.0,197400.0,0,0
,,,,,,109,2026-02-01 01:55:19.472244,COMP,25.0,24.99,25.0,143500.0,143700.0,0,0
1.0,1.0,1.0,,Welcome to the RITC 2026 Liquidity Risk Case - practice server,Good Luck!,110,2026-02-01 01:55:20.502757,RITC,10.04,10.02,10.03,199000.0,199800.0,0,0
,,,,,,110,2026-02-01 01:55:20.502757,COMP,25.01,24.99,25.01,143500.0,145100.0,0,0
1.0,1.0,1.0,,Welcome to the RITC 2026 Liquidity Risk Case - practice server,Good Luck!,111,2026-02-01 01:55:21.535973,RITC,10.02,10.02,10.03,199300.0,199800.0,0,0
,,,,,,111,2026-02-01 01:55:21.535973,COMP,25.02,24.99,25.02,143500.0,147700.0,0,0
1.0,1.0,1.0,,Welcome to the RITC 2026 Liquidity Risk Case - practice server,Good Luck!,112,2026-02-01 01:55:22.553554,RITC,10.03,10.03,10.04,200100.0,200800.0,0,0
,,,,,,112,2026-02-01 01:55:22.553554,COMP,25.02,24.99,25.02,141400.0,147700.0,0,0
1.0,1.0,1.0,,Welcome to the RITC 2026 Liquidity Risk Case - practice server,Good Luck!,113,2026-02-01 01:55:23.589825,RITC,10.03,10.03,10.04,201100.0,201200.0,0,0
,,,,,,113,2026-02-01 01:55:23.589825,COMP,25.02,24.99,25.02,140000.0,146900.0,0,0
1.0,1.0,1.0,,Welcome to the RITC 2026 Liquidity Risk Case - practice server,Good Luck!,114,2026-02-01 01:55:24.618705,RITC,10.04,10.03,10.04,201100.0,202800.0,0,0
,,,,,,114,2026-02-01 01:55:24.618705,COMP,25.02,25.01,25.02,136100.0,146900.0,0,0
1.0,1.0,1.0,,Welcome to the RITC 2026 Liquidity Risk Case - practice server,Good Luck!,115,2026-02-01 01:55:25.635619,RITC,10.04,10.03,10.04,197400.0,202800.0,0,0
,,,,,,115,2026-02-01 01:55:25.635619,COMP,25.03,25.01,25.03,136100.0,148100.0,0,0
1.0,1.0,1.0,,Welcome to the RITC 2026 Liquidity Risk Case - practice server,Good Luck!,116,2026-02-01 01:55:26.650972,RITC,10.05,10.03,10.05,197100.0,202800.0,0,0
,,,,,,116,2026-02-01 01:55:26.650972,COMP,25.0,25.0,25.03,138500.0,148100.0,0,0
1.0,1.0,1.0,,Welcome to the RITC 2026 Liquidity Risk Case - practice server,Good Luck!,117,2026-02-01 01:55:27.668968,RITC,10.05,10.03,10.05,195500.0,202800.0,0,0
,,,,,,117,2026-02-01 01:55:27.668968,COMP,25.03,25.0,25.03,138500.0,148200.0,0,0
1.0,1.0,1.0,,Welcome to the RITC 2026 Liquidity Risk Case - practice server,Good Luck!,118,2026-02-01 01:55:28.702194,RITC,10.06,10.03,10.06,195500.0,203800.0,0,0
,,,,,,118,2026-02-01 01:55:28.702194,COMP,25.03,25.02,25.03,139800.0,147900.0,0,0
1.0,1.0,1.0,,Welcome to the RITC 2026 Liquidity Risk Case - practice server,Good Luck!,119,2026-02-01 01:55:29.744018,RITC,10.06,10.03,10.06,193400.0,203800.0,0,0
,,,,,,119,2026-02-01 01:55:29.744018,COMP,25.03,25.02,25.03,141200.0,147900.0,0,0
1.0,1.0,1.0,,Welcome to the RITC 2026 Liquidity Risk Case - practice server,Good Luck!,120,2026-02-01 01:55:30.830899,RITC,10.06,10.05,10.06,188600.0,205300.0,0,0
,,,,,,120,2026-02-01 01:55:30.830899,COMP,25.03,25.02,25.03,141700.0,145500.0,0,0
1.0,1.0,1.0,,Welcome to the RITC 2026 Liquidity Risk Case - practice server,Good Luck!,121,2026-02-01 01:55:31.899104,RITC,10.03,10.05,10.06,187900.0,205300.0,0,0
,,,,,,121,2026-02-01 01:55:31.899104,COMP,25.04,25.02,25.04,141700.0,146000.0,0,0
1.0,1.0,1.0,,Welcome to the RITC 2026 Liquidity Risk Case - practice server,Good Luck!,122,2026-02-01 01:55:32.934158,RITC,10.03,10.05,10.06,185500.0,205300.0,0,0
,,,,,,122,2026-02-01 01:55:32.934158,COMP,25.04,25.02,25.04,142000.0,146000.0,0,0
1.0,1.0,1.0,,Welcome to the RITC 2026 Liquidity Risk Case - practice server,Good Luck!,123,2026-02-01 01:55:33.965782,RITC,10.07,10.05,10.07,185800.0,205500.0,0,0
,,,,,,123,2026-02-01 01:55:33.965782,COMP,25.04,25.02,25.04,142500.0,146100.0,0,0
1.0,1.0,1.0,,Welcome to the RITC 2026 Liquidity Risk Case - practice server,Good Luck!,124,2026-02-01 01:55:35.003841,RITC,10.07,10.05,10.07,183400.0,205500.0,0,0
,,,,,,124,2026-02-01 01:55:35.003841,COMP,25.05,25.02,25.05,142500.0,147700.0,0,0
1.0,1.0,1.0,,Welcome to the RITC 2026 Liquidity Risk Case - practice server,Good Luck!,125,2026-02-01 01:55:36.034242,RITC,10.07,10.07,10.08,183100.0,202400.0,0,0
,,,,,,125,2026-02-01 01:55:36.034242,COMP,25.02,25.02,25.06,142500.0,147600.0,0,0
1.0,1.0,1.0,,Welcome to the RITC 2026 Liquidity Risk Case - practice server,Good Luck!,126,2026-02-01 01:55:37.093883,RITC,10.08,10.07,10.08,183100.0,204000.0,0,0
,,,,,,126,2026-02-01 01:55:37.093883,COMP,25.06,25.02,25.06,142500.0,145400.0,0,0
1.0,1.0,1.0,,Welcome to the RITC 2026 Liquidity Risk Case - practice server,Good Luck!,127,2026-02-01 01:55:38.135402,RITC,10.08,10.07,10.08,181200.0,203400.0,0,0
,,,,,,127,2026-02-01 01:55:38.135402,COMP,25.06,25.02,25.06,142500.0,146500.0,0,0
1.0,1.0,1.0,,Welcome to the RITC 2026 Liquidity Risk Case - practice server,Good Luck!,128,2026-02-01 01:55:39.169668,RITC,10.11,10.07,10.11,181200.0,199800.0,0,0
,,,,,,128,2026-02-01 01:55:39.169668,COMP,25.06,25.02,25.03,142500.0,146400.0,0,0
1.0,1.0,1.0,,Welcome to the RITC 2026 Liquidity Risk Case - practice server,Good Luck!,129,2026-02-01 01:55:40.202611,RITC,10.11,10.09,10.11,184000.0,199800.0,0,0
,,,,,,129,2026-02-01 01:55:40.202611,COMP,25.06,25.02,25.03,142500.0,145000.0,0,0
1.0,1.0,1.0,,Welcome to the RITC 2026 Liquidity Risk Case - practice server,Good Luck!,130,2026-02-01 01:55:41.234067,RITC,10.11,10.11,10.12,187000.0,196600.0,0,0
,,,,,,130,2026-02-01 01:55:41.234067,COMP,25.03,25.03,25.06,143100.0,146900.0,0,0
1.0,1.0,1.0,,Welcome to the RITC 2026 Liquidity Risk Case - practice server,Good Luck!,131,2026-02-01 01:55:42.270275,RITC,10.12,10.12,10.13,188900.0,198400.0,0,0
,,,,,,131,2026-02-01 01:55:42.270275,COMP,25.03,25.03,25.04,143100.0,146200.0,0,0
1.0,1.0,1.0,,Welcome to the RITC 2026 Liquidity Risk Case - practice server,Good Luck!,132,2026-02-01 01:55:43.303608,RITC,10.13,10.13,10.14,189900.0,203000.0,0,0
,,,,,,132,2026-02-01 01:55:43.303608,COMP,25.03,25.01,25.03,142600.0,144900.0,0,0
1.0,1.0,1.0,,Welcome to the RITC 2026 Liquidity Risk Case - practice server,Good Luck!,133,2026-02-01 01:55:44.336243,RITC,10.14,10.14,10.15,191800.0,200500.0,0,0
,,,,,,133,2026-02-01 01:55:44.336243,COMP,25.03,25.03,25.04,141800.0,146200.0,0,0
1.0,1.0,1.0,,Welcome to the RITC 2026 Liquidity Risk Case - practice server,Good Luck!,134,2026-02-01 01:55:45.367432,RITC,10.15,10.13,10.15,188400.0,202400.0,0,0
,,,,,,134,2026-02-01 01:55:45.367432,COMP,25.06,25.03,25.06,142900.0,147000.0,0,0
1.0,1.0,1.0,,Welcome to the RITC 2026 Liquidity Risk Case - practice server,Good Luck!,135,2026-02-01 01:55:46.384462,RITC,10.15,10.13,10.14,188300.0,199600.0,0,0
,,,,,,135,2026-02-01 01:55:46.384462,COMP,25.06,25.03,25.06,142900.0,147000.0,0,0
1.0,1.0,1.0,,Welcome to the RITC 2026 Liquidity Risk Case - practice server,Good Luck!,136,2026-02-01 01:55:47.401387,RITC,10.12,10.13,10.14,187800.0,199600.0,0,0
,,,,,,136,2026-02-01 01:55:47.401387,COMP,25.07,25.06,25.07,143200.0,144800.0,0,0
1.0,1.0,1.0,,Welcome to the RITC 2026 Liquidity Risk Case - practice server,Good Luck!,137,2026-02-01 01:55:48.418963,RITC,10.15,10.13,10.15,189600.0,203500.0,0,0
,,,,,,137,2026-02-01 01:55:48.418963,COMP,25.03,25.01,25.02,142600.0,145400.0,0,0
1.0,1.0,1.0,,Welcome to the RITC 2026 Liquidity Risk Case - practice server,Good Luck!,145,2026-02-01 01:55:57.683542,RITC,10.16,10.15,10.16,187000.0,206900.0,0,0
,,,,,,145,2026-02-01 01:55:57.683542,COMP,25.08,25.08,25.09,140700.0,144600.0,0,0
1.0,1.0,1.0,,Welcome to the RITC 2026 Liquidity Risk Case - practice server,Good Luck!,153,2026-02-01 01:56:04.124081,RITC,10.16,10.16,10.17,191400.0,196200.0,0,0
,,,,,,153,2026-02-01 01:56:04.124081,COMP,25.09,25.06,25.09,143100.0,144600.0,0,0
1.0,1.0,1.0,,Welcome to the RITC 2026 Liquidity Risk Case - practice server,Good Luck!,154,2026-02-01 01:56:05.274751,RITC,10.18,10.16,10.18,192300.0,195900.0,0,0
,,,,,,154,2026-02-01 01:56:05.274751,COMP,25.09,25.06,25.09,143100.0,147300.0,0,0
1.0,1.0,1.0,,Welcome to the RITC 2026 Liquidity Risk Case - practice server,Good Luck!,155,2026-02-01 01:56:06.317372,RITC,10.18,10.17,10.18,191000.0,184600.0,0,0
,,,,,,155,2026-02-01 01:56:06.317372,COMP,25.09,25.06,25.07,143100.0,146500.0,0,0
1.0,1.0,1.0,,Welcome to the RITC 2026 Liquidity Risk Case - practice server,Good Luck!,156,2026-02-01 01:56:07.393093,RITC,10.19,10.17,10.19,191000.0,176400.0,0,0
,,,,,,156,2026-02-01 01:56:07.393093,COMP,25.06,25.0,25.01,142200.0,146200.0,0,0
1.0,1.0,1.0,,Welcome to the RITC 2026 Liquidity Risk Case - practice server,Good Luck!,157,2026-02-01 01:56:08.422481,RITC,10.19,10.18,10.19,194100.0,176400.0,0,0
,,,,,,157,2026-02-01 01:56:08.422481,COMP,25.06,25.0,25.01,142200.0,146200.0,0,0
1.0,1.0,1.0,,Welcome to the RITC 2026 Liquidity Risk Case - practice server,Good Luck!,158,2026-02-01 01:56:09.456848,RITC,10.19,10.18,10.19,191000.0,176400.0,0,0
,,,,,,158,2026-02-01 01:56:09.456848,COMP,25.0,25.0,25.01,141900.0,146200.0,0,0
1.0,1.0,1.0,,Welcome to the RITC 2026 Liquidity Risk Case - practice server,Good Luck!,159,2026-02-01 01:56:10.490117,RITC,10.19,10.18,10.19,191000.0,168200.0,0,0
,,,,,,159,2026-02-01 01:56:10.490117,COMP,25.0,25.0,25.01,141900.0,145100.0,0,0
1.0,1.0,1.0,,Welcome to the RITC 2026 Liquidity Risk Case - practice server,Good Luck!,160,2026-02-01 01:56:11.522434,RITC,10.19,10.18,10.19,187900.0,168200.0,0,0
,,,,,,160,2026-02-01 01:56:11.522434,COMP,25.0,24.99,25.0,144000.0,145400.0,0,0
1.0,1.0,1.0,,Welcome to the RITC 2026 Liquidity Risk Case - practice server,Good Luck!,161,2026-02-01 01:56:12.556854,RITC,10.18,10.18,10.19,187800.0,168200.0,0,0
,,,,,,161,2026-02-01 01:56:12.556854,COMP,24.99,24.99,25.0,144000.0,145400.0,0,0
1.0,1.0,1.0,,Welcome to the RITC 2026 Liquidity Risk Case - practice server,Good Luck!,162,2026-02-01 01:56:13.589706,RITC,10.18,10.18,10.19,185900.0,168200.0,0,0
,,,,,,162,2026-02-01 01:56:13.589706,COMP,24.99,24.99,25.0,142200.0,144800.0,0,0
1.0,1.0,1.0,,Welcome to the RITC 2026 Liquidity Risk Case - practice server,Good Luck!,163,2026-02-01 01:56:14.628861,RITC,10.18,10.18,10.19,186200.0,168200.0,0,0
,,,,,,163,2026-02-01 01:56:14.628861,COMP,24.99,24.99,25.0,142200.0,143300.0,0,0
1.0,1.0,1.0,,Welcome to the RITC 2026 Liquidity Risk Case - practice server,Good Luck!,164,2026-02-01 01:56:15.653893,RITC,10.21,10.18,10.21,186200.0,146600.0,0,0
,,,,,,164,2026-02-01 01:56:15.653893,COMP,24.99,24.99,25.0,143400.0,143300.0,0,0
1.0,1.0,1.0,,Welcome to the RITC 2026 Liquidity Risk Case - practice server,Good Luck!,165,2026-02-01 01:56:16.691727,RITC,10.21,10.21,10.22,187200.0,135700.0,0,0
,,,,,,165,2026-02-01 01:56:16.691727,COMP,24.99,24.99,25.0,144100.0,143300.0,0,0
1.0,1.0,1.0,,Welcome to the RITC 2026 Liquidity Risk Case - practice server,Good Luck!,166,2026-02-01 01:56:17.722618,RITC,10.22,10.21,10.22,187400.0,135700.0,0,0
,,,,,,166,2026-02-01 01:56:17.722618,COMP,24.99,24.99,25.0,142400.0,143300.0,0,0
1.0,1.0,1.0,,Welcome to the RITC 2026 Liquidity Risk Case - practice server,Good Luck!,167,2026-02-01 01:56:18.743645,RITC,10.24,10.23,10.24,187900.0,126800.0,0,0
,,,,,,167,2026-02-01 01:56:18.743645,COMP,24.99,24.99,25.0,140700.0,144400.0,0,0
1.0,1.0,1.0,,Welcome to the RITC 2026 Liquidity Risk Case - practice server,Good Luck!,169,2026-02-01 01:56:19.773899,RITC,10.24,10.23,10.24,190600.0,134900.0,0,0
,,,,,,169,2026-02-01 01:56:19.773899,COMP,24.96,24.96,25.0,140900.0,145900.0,0,0
1.0,1.0,1.0,,Welcome to the RITC 2026 Liquidity Risk Case - practice server,Good Luck!,170,2026-02-01 01:56:20.809260,RITC,10.24,10.23,10.24,189500.0,145100.0,0,0
,,,,,,170,2026-02-01 01:56:20.809260,COMP,24.96,24.96,25.0,140900.0,146100.0,0,0
1.0,1.0,1.0,,Welcome to the RITC 2026 Liquidity Risk Case - practice server,Good Luck!,171,2026-02-01 01:56:21.840369,RITC,10.24,10.23,10.24,189500.0,143400.0,0,0
,,,,,,171,2026-02-01 01:56:21.840369,COMP,24.95,24.95,24.98,142900.0,146900.0,0,0
1.0,1.0,1.0,,Welcome to the RITC 2026 Liquidity Risk Case - practice server,Good Luck!,172,2026-02-01 01:56:22.873818,RITC,10.24,10.24,10.25,194100.0,125800.0,0,0
,,,,,,172,2026-02-01 01:56:22.873818,COMP,24.95,24.95,24.98,144200.0,146900.0,0,0
1.0,1.0,1.0,,Welcome to the RITC 2026 Liquidity Risk Case - practice server,Good Luck!,173,2026-02-01 01:56:23.902740,RITC,10.25,10.24,10.25,194100.0,125800.0,0,0
,,,,,,173,2026-02-01 01:56:23.902740,COMP,24.95,24.94,24.95,143200.0,147400.0,0,0
1.0,1.0,1.0,,Welcome to the RITC 2026 Liquidity Risk Case - practice server,Good Luck!,174,2026-02-01 01:56:24.923554,RITC,10.25,10.25,10.26,193200.0,104400.0,0,0
,,,,,,174,2026-02-01 01:56:24.923554,COMP,24.95,24.94,24.95,143200.0,147400.0,0,0
1.0,1.0,1.0,,Welcome to the RITC 2026 Liquidity Risk Case - practice server,Good Luck!,175,2026-02-01 01:56:25.956307,RITC,10.25,10.25,10.26,193000.0,104400.0,0,0
,,,,,,175,2026-02-01 01:56:25.956307,COMP,24.94,24.94,24.95,143200.0,147400.0,0,0
1.0,1.0,1.0,,Welcome to the RITC 2026 Liquidity Risk Case - practice server,Good Luck!,176,2026-02-01 01:56:26.989323,RITC,10.26,10.25,10.26,193000.0,93300.0,0,0
,,,,,,176,2026-02-01 01:56:26.989323,COMP,24.93,24.93,24.95,141200.0,145400.0,0,0
1.0,1.0,1.0,,Welcome to the RITC 2026 Liquidity Risk Case - practice server,Good Luck!,177,2026-02-01 01:56:28.020913,RITC,10.26,10.25,10.26,193500.0,93300.0,0,0
,,,,,,177,2026-02-01 01:56:28.020913,COMP,24.93,24.93,24.95,141600.0,145400.0,0,0
1.0,1.0,1.0,,Welcome to the RITC 2026 Liquidity Risk Case - practice server,Good Luck!,178,2026-02-01 01:56:29.055121,RITC,10.26,10.26,10.27,192600.0,94500.0,0,0
,,,,,,178,2026-02-01 01:56:29.055121,COMP,24.93,24.93,24.94,142000.0,143200.0,0,0
1.0,1.0,1.0,,Welcome to the RITC 2026 Liquidity Risk Case - practice server,Good Luck!,179,2026-02-01 01:56:30.090303,RITC,10.31,10.26,10.31,192600.0,94900.0,0,0
,,,,,,179,2026-02-01 01:56:30.090303,COMP,24.93,24.93,24.94,142000.0,143200.0,0,0
1.0,1.0,1.0,,Welcome to the RITC 2026 Liquidity Risk Case - practice server,Good Luck!,180,2026-02-01 01:56:31.125197,RITC,10.31,10.33,10.35,195700.0,94300.0,0,0
,,,,,,180,2026-02-01 01:56:31.125197,COMP,24.91,24.91,24.94,140500.0,143200.0,0,0
1.0,1.0,1.0,,Welcome to the RITC 2026 Liquidity Risk Case - practice server,Good Luck!,181,2026-02-01 01:56:32.157327,RITC,10.35,10.35,10.36,197500.0,90700.0,0,0
,,,,,,181,2026-02-01 01:56:32.157327,COMP,24.91,24.91,24.94,140500.0,141600.0,0,0
1.0,1.0,1.0,,Welcome to the RITC 2026 Liquidity Risk Case - practice server,Good Luck!,182,2026-02-01 01:56:33.190202,RITC,10.35,10.35,10.36,197800.0,101500.0,0,0
,,,,,,182,2026-02-01 01:56:33.190202,COMP,24.9,24.9,24.94,140100.0,142800.0,0,0
1.0,1.0,1.0,,Welcome to the RITC 2026 Liquidity Risk Case - practice server,Good Luck!,183,2026-02-01 01:56:34.223671,RITC,10.35,10.35,10.36,195600.0,110700.0,0,0
,,,,,,183,2026-02-01 01:56:34.223671,COMP,24.9,24.9,24.94,140100.0,143400.0,0,0
1.0,1.0,1.0,,Welcome to the RITC 2026 Liquidity Risk Case - practice server,Good Luck!,184,2026-02-01 01:56:35.257705,RITC,10.35,10.35,10.36,194900.0,118500.0,0,0
,,,,,,184,2026-02-01 01:56:35.257705,COMP,24.9,24.9,24.94,139400.0,145100.0,0,0
1.0,1.0,1.0,,Welcome to the RITC 2026 Liquidity Risk Case - practice server,Good Luck!,185,2026-02-01 01:56:36.288846,RITC,10.34,10.34,10.36,193600.0,126300.0,0,0
,,,,,,185,2026-02-01 01:56:36.288846,COMP,24.9,24.9,24.91,139400.0,143100.0,0,0
1.0,1.0,1.0,,Welcome to the RITC 2026 Liquidity Risk Case - practice server,Good Luck!,186,2026-02-01 01:56:37.323923,RITC,10.33,10.33,10.36,197000.0,126300.0,0,0
,,,,,,186,2026-02-01 01:56:37.323923,COMP,24.9,24.9,24.91,137500.0,143100.0,0,0
1.0,1.0,1.0,,Welcome to the RITC 2026 Liquidity Risk Case - practice server,Good Luck!,187,2026-02-01 01:56:38.353631,RITC,10.32,10.32,10.33,196400.0,145100.0,0,0
,,,,,,187,2026-02-01 01:56:38.353631,COMP,24.9,24.9,24.91,137500.0,142100.0,0,0
1.0,1.0,1.0,,Welcome to the RITC 2026 Liquidity Risk Case - practice server,Good Luck!,188,2026-02-01 01:56:39.391920,RITC,10.32,10.32,10.33,196400.0,155700.0,0,0
,,,,,,188,2026-02-01 01:56:39.391920,COMP,24.89,24.89,24.91,137400.0,141400.0,0,0
1.0,1.0,1.0,,Welcome to the RITC 2026 Liquidity Risk Case - practice server,Good Luck!,189,2026-02-01 01:56:40.438648,RITC,10.32,10.32,10.33,196900.0,163600.0,0,0
,,,,,,189,2026-02-01 01:56:40.438648,COMP,24.89,24.89,24.91,137400.0,139900.0,0,0
1.0,1.0,1.0,,Welcome to the RITC 2026 Liquidity Risk Case - practice server,Good Luck!,190,2026-02-01 01:56:41.473706,RITC,10.3,10.26,10.3,192600.0,173700.0,0,0
,,,,,,190,2026-02-01 01:56:41.473706,COMP,24.89,24.89,24.91,137400.0,138700.0,0,0
1.0,1.0,1.0,,Welcome to the RITC 2026 Liquidity Risk Case - practice server,Good Luck!,191,2026-02-01 01:56:42.519484,RITC,10.34,10.3,10.34,193000.0,146700.0,0,0
,,,,,,191,2026-02-01 01:56:42.519484,COMP,24.89,24.89,24.9,137400.0,137600.0,0,0
1.0,1.0,1.0,,Welcome to the RITC 2026 Liquidity Risk Case - practice server,Good Luck!,192,2026-02-01 01:56:43.538743,RITC,10.33,10.33,10.34,192400.0,146700.0,0,0
,,,,,,192,2026-02-01 01:56:43.538743,COMP,24.89,24.89,24.9,137400.0,139000.0,0,0
1.0,1.0,1.0,,Welcome to the RITC 2026 Liquidity Risk Case - practice server,Good Luck!,193,2026-02-01 01:56:44.583712,RITC,10.33,10.32,10.33,191500.0,154500.0,0,0
,,,,,,193,2026-02-01 01:56:44.583712,COMP,24.89,24.89,24.9,137400.0,138800.0,0,0
1.0,1.0,1.0,,Welcome to the RITC 2026 Liquidity Risk Case - practice server,Good Luck!,194,2026-02-01 01:56:45.603705,RITC,10.33,10.32,10.33,193200.0,163700.0,0,0
,,,,,,194,2026-02-01 01:56:45.603705,COMP,24.89,24.89,24.9,137400.0,138300.0,0,0
1.0,1.0,1.0,,Welcome to the RITC 2026 Liquidity Risk Case - practice server,Good Luck!,195,2026-02-01 01:56:46.637595,RITC,10.31,10.31,10.33,194700.0,155900.0,0,0
,,,,,,195,2026-02-01 01:56:46.637595,COMP,24.88,24.88,24.9,138200.0,138300.0,0,0
1.0,1.0,1.0,,Welcome to the RITC 2026 Liquidity Risk Case - practice server,Good Luck!,196,2026-02-01 01:56:47.654152,RITC,10.33,10.33,10.34,193400.0,154700.0,0,0
,,,,,,196,2026-02-01 01:56:47.654152,COMP,24.87,24.87,24.9,138400.0,138300.0,0,0
1.0,1.0,1.0,,Welcome to the RITC 2026 Liquidity Risk Case - practice server,Good Luck!,197,2026-02-01 01:56:48.704041,RITC,10.33,10.33,10.34,195500.0,164700.0,0,0
,,,,,,197,2026-02-01 01:56:48.704041,COMP,24.87,24.87,24.9,138400.0,139300.0,0,0
1.0,1.0,1.0,,Welcome to the RITC 2026 Liquidity Risk Case - practice server,Good Luck!,198,2026-02-01 01:56:49.735965,RITC,10.34,10.33,10.34,195500.0,174200.0,0,0
,,,,,,198,2026-02-01 01:56:49.735965,COMP,24.87,24.87,24.9,136400.0,139300.0,0,0
1.0,1.0,1.0,,Welcome to the RITC 2026 Liquidity Risk Case - practice server,Good Luck!,199,2026-02-01 01:56:50.797495,RITC,10.32,10.31,10.32,194700.0,184500.0,0,0
,,,,,,199,2026-02-01 01:56:50.797495,COMP,24.87,24.87,24.89,137500.0,140800.0,0,0
1.0,1.0,1.0,,Welcome to the RITC 2026 Liquidity Risk Case - practice server,Good Luck!,200,2026-02-01 01:56:51.823743,RITC,10.32,10.31,10.32,196000.0,184900.0,0,0
,,,,,,200,2026-02-01 01:56:51.823743,COMP,24.86,24.86,24.89,136600.0,140800.0,0,0
1.0,1.0,1.0,,Welcome to the RITC 2026 Liquidity Risk Case - practice server,Good Luck!,201,2026-02-01 01:56:52.851141,RITC,10.32,10.31,10.32,194600.0,184100.0,0,0
,,,,,,201,2026-02-01 01:56:52.851141,COMP,24.86,24.86,24.89,136900.0,141200.0,0,0
1.0,1.0,1.0,,Welcome to the RITC 2026 Liquidity Risk Case - practice server,Good Luck!,202,2026-02-01 01:56:53.873106,RITC,10.32,10.33,10.34,197100.0,182800.0,0,0
,,,,,,202,2026-02-01 01:56:53.873106,COMP,24.86,24.85,24.86,137700.0,141200.0,0,0
1.0,1.0,1.0,,Welcome to the RITC 2026 Liquidity Risk Case - practice server,Good Luck!,203,2026-02-01 01:56:54.905157,RITC,10.33,10.31,10.32,196800.0,182800.0,0,0
,,,,,,203,2026-02-01 01:56:54.905157,COMP,24.86,24.85,24.86,137700.0,141000.0,0,0
1.0,1.0,1.0,,Welcome to the RITC 2026 Liquidity Risk Case - practice server,Good Luck!,205,2026-02-01 01:56:55.940481,RITC,10.32,10.33,10.34,194200.0,182800.0,0,0
,,,,,,205,2026-02-01 01:56:55.940481,COMP,24.83,24.83,24.84,139500.0,140100.0,0,0
1.0,1.0,1.0,,Welcome to the RITC 2026 Liquidity Risk Case - practice server,Good Luck!,206,2026-02-01 01:56:56.969237,RITC,10.33,10.31,10.33,194000.0,181200.0,0,0
,,,,,,206,2026-02-01 01:56:56.969237,COMP,24.83,24.83,24.84,139500.0,139000.0,0,0
1.0,1.0,1.0,,Welcome to the RITC 2026 Liquidity Risk Case - practice server,Good Luck!,207,2026-02-01 01:56:58.004162,RITC,10.33,10.33,10.34,194500.0,183700.0,0,0
,,,,,,207,2026-02-01 01:56:58.004162,COMP,24.83,24.83,24.84,131300.0,139000.0,0,0
1.0,1.0,1.0,,Welcome to the RITC 2026 Liquidity Risk Case - practice server,Good Luck!,208,2026-02-01 01:56:59.024434,RITC,10.33,10.33,10.34,195900.0,183700.0,0,0
,,,,,,208,2026-02-01 01:56:59.024434,COMP,24.83,24.83,24.84,131300.0,139000.0,0,0
1.0,1.0,1.0,,Welcome to the RITC 2026 Liquidity Risk Case - practice server,Good Luck!,209,2026-02-01 01:57:00.070704,RITC,10.34,10.33,10.34,195700.0,182900.0,0,0
,,,,,,209,2026-02-01 01:57:00.070704,COMP,24.81,24.81,24.84,117800.0,139000.0,0,0
1.0,1.0,1.0,,Welcome to the RITC 2026 Liquidity Risk Case - practice server,Good Luck!,210,2026-02-01 01:57:01.096562,RITC,10.34,10.33,10.34,195200.0,179800.0,0,0
,,,,,,210,2026-02-01 01:57:01.096562,COMP,24.81,24.75,24.76,111300.0,138400.0,0,0
1.0,1.0,1.0,,Welcome to the RITC 2026 Liquidity Risk Case - practice server,Good Luck!,211,2026-02-01 01:57:02.124334,RITC,10.34,10.33,10.34,195100.0,171800.0,0,0
,,,,,,211,2026-02-01 01:57:02.124334,COMP,24.72,24.72,24.76,104900.0,137100.0,0,0
1.0,1.0,1.0,,Welcome to the RITC 2026 Liquidity Risk Case - practice server,Good Luck!,212,2026-02-01 01:57:03.158030,RITC,10.34,10.33,10.34,195100.0,161800.0,0,0
,,,,,,212,2026-02-01 01:57:03.158030,COMP,24.72,24.72,24.76,97900.0,137100.0,0,0
1.0,1.0,1.0,,Welcome to the RITC 2026 Liquidity Risk Case - practice server,Good Luck!,213,2026-02-01 01:57:04.176771,RITC,10.34,10.33,10.34,195000.0,161800.0,0,0
,,,,,,213,2026-02-01 01:57:04.176771,COMP,24.7,24.7,24.76,92000.0,136800.0,0,0
1.0,1.0,1.0,,Welcome to the RITC 2026 Liquidity Risk Case - practice server,Good Luck!,214,2026-02-01 01:57:05.194246,RITC,10.34,10.33,10.34,193700.0,152300.0,0,0
,,,,,,214,2026-02-01 01:57:05.194246,COMP,24.7,24.65,24.7,86200.0,137100.0,0,0
1.0,1.0,1.0,,Welcome to the RITC 2026 Liquidity Risk Case - practice server,Good Luck!,215,2026-02-01 01:57:06.223451,RITC,10.36,10.33,10.36,193700.0,124900.0,0,0
,,,,,,215,2026-02-01 01:57:06.223451,COMP,24.65,24.63,24.64,80200.0,137100.0,0,0
1.0,1.0,1.0,,Welcome to the RITC 2026 Liquidity Risk Case - practice server,Good Luck!,216,2026-02-01 01:57:07.260334,RITC,10.36,10.35,10.36,195400.0,124900.0,0,0
,,,,,,216,2026-02-01 01:57:07.260334,COMP,24.63,24.63,24.64,80200.0,135300.0,0,0
1.0,1.0,1.0,,Welcome to the RITC 2026 Liquidity Risk Case - practice server,Good Luck!,217,2026-02-01 01:57:08.287393,RITC,10.36,10.35,10.36,195900.0,114100.0,0,0
,,,,,,217,2026-02-01 01:57:08.287393,COMP,24.63,24.63,24.64,72200.0,135300.0,0,0
1.0,1.0,1.0,,Welcome to the RITC 2026 Liquidity Risk Case - practice server,Good Luck!,218,2026-02-01 01:57:09.310697,RITC,10.36,10.35,10.36,198400.0,106300.0,0,0
,,,,,,218,2026-02-01 01:57:09.310697,COMP,24.63,24.6,24.63,71700.0,138600.0,0,0
1.0,1.0,1.0,,Welcome to the RITC 2026 Liquidity Risk Case - practice server,Good Luck!,219,2026-02-01 01:57:10.339008,RITC,10.36,10.35,10.36,199100.0,106300.0,0,0
,,,,,,219,2026-02-01 01:57:10.339008,COMP,24.63,24.6,24.63,71700.0,138600.0,0,0
1.0,1.0,1.0,,Welcome to the RITC 2026 Liquidity Risk Case - practice server,Good Luck!,220,2026-02-01 01:57:11.369291,RITC,10.36,10.35,10.36,197300.0,98500.0,0,0
,,,,,,220,2026-02-01 01:57:11.369291,COMP,24.6,24.6,24.62,71700.0,140100.0,0,0
1.0,1.0,1.0,,Welcome to the RITC 2026 Liquidity Risk Case - practice server,Good Luck!,221,2026-02-01 01:57:12.412237,RITC,10.37,10.35,10.37,197300.0,90300.0,0,0
,,,,,,221,2026-02-01 01:57:12.412237,COMP,24.6,24.6,24.62,71700.0,138800.0,0,0
1.0,1.0,1.0,,Welcome to the RITC 2026 Liquidity Risk Case - practice server,Good Luck!,222,2026-02-01 01:57:13.488632,RITC,10.37,10.35,10.37,197300.0,97800.0,0,0
,,,,,,222,2026-02-01 01:57:13.488632,COMP,24.6,24.6,24.62,71700.0,137000.0,0,0
1.0,1.0,1.0,,Welcome to the RITC 2026 Liquidity Risk Case - practice server,Good Luck!,223,2026-02-01 01:57:14.524085,RITC,10.37,10.35,10.37,200500.0,99800.0,0,0
,,,,,,223,2026-02-01 01:57:14.524085,COMP,24.6,24.6,24.62,71700.0,137300.0,0,0
1.0,1.0,1.0,,Welcome to the RITC 2026 Liquidity Risk Case - practice server,Good Luck!,224,2026-02-01 01:57:15.554621,RITC,10.38,10.35,10.38,202100.0,89000.0,0,0
,,,,,,224,2026-02-01 01:57:15.554621,COMP,24.62,24.6,24.62,77600.0,137300.0,0,0
1.0,1.0,1.0,,Welcome to the RITC 2026 Liquidity Risk Case - practice server,Good Luck!,225,2026-02-01 01:57:16.573823,RITC,10.35,10.35,10.37,200400.0,99200.0,0,0
,,,,,,225,2026-02-01 01:57:16.573823,COMP,24.62,24.6,24.62,77600.0,138800.0,0,0
1.0,1.0,1.0,,Welcome to the RITC 2026 Liquidity Risk Case - practice server,Good Luck!,226,2026-02-01 01:57:17.613780,RITC,10.35,10.36,10.37,201400.0,99200.0,0,0
,,,,,,226,2026-02-01 01:57:17.613780,COMP,24.6,24.6,24.62,70700.0,138800.0,0,0
1.0,1.0,1.0,,Welcome to the RITC 2026 Liquidity Risk Case - practice server,Good Luck!,227,2026-02-01 01:57:18.653571,RITC,10.37,10.36,10.37,201900.0,109400.0,0,0
,,,,,,227,2026-02-01 01:57:18.653571,COMP,24.63,24.6,24.63,78100.0,136900.0,0,0
1.0,1.0,1.0,,Welcome to the RITC 2026 Liquidity Risk Case - practice server,Good Luck!,228,2026-02-01 01:57:19.688872,RITC,10.37,10.36,10.37,201900.0,120800.0,0,0
,,,,,,228,2026-02-01 01:57:19.688872,COMP,24.56,24.56,24.64,73800.0,139800.0,0,0
1.0,1.0,1.0,,Welcome to the RITC 2026 Liquidity Risk Case - practice server,Good Luck!,229,2026-02-01 01:57:20.728900,RITC,10.36,10.36,10.38,201800.0,101400.0,0,0
,,,,,,229,2026-02-01 01:57:20.728900,COMP,24.56,24.63,24.64,81400.0,139800.0,0,0
1.0,1.0,1.0,,Welcome to the RITC 2026 Liquidity Risk Case - practice server,Good Luck!,230,2026-02-01 01:57:21.755378,RITC,10.36,10.37,10.38,201400.0,101400.0,0,0
,,,,,,230,2026-02-01 01:57:21.755378,COMP,24.65,24.66,24.67,89800.0,142900.0,0,0
1.0,1.0,1.0,,Welcome to the RITC 2026 Liquidity Risk Case - practice server,Good Luck!,231,2026-02-01 01:57:22.785993,RITC,10.36,10.37,10.38,201200.0,101400.0,0,0
,,,,,,231,2026-02-01 01:57:22.785993,COMP,24.65,24.66,24.67,96400.0,142900.0,0,0
1.0,1.0,1.0,,Welcome to the RITC 2026 Liquidity Risk Case - practice server,Good Luck!,232,2026-02-01 01:57:23.805597,RITC,10.37,10.37,10.38,198300.0,101400.0,0,0
,,,,,,232,2026-02-01 01:57:23.805597,COMP,24.65,24.66,24.67,104800.0,142900.0,0,0
1.0,1.0,1.0,,Welcome to the RITC 2026 Liquidity Risk Case - practice server,Good Luck!,233,2026-02-01 01:57:24.814153,RITC,10.37,10.37,10.38,200700.0,112000.0,0,0
,,,,,,233,2026-02-01 01:57:24.814153,COMP,24.65,24.66,24.67,117700.0,142900.0,0,0
1.0,1.0,1.0,,Welcome to the RITC 2026 Liquidity Risk Case - practice server,Good Luck!,234,2026-02-01 01:57:25.839676,RITC,10.38,10.37,10.38,198500.0,112000.0,0,0
,,,,,,234,2026-02-01 01:57:25.839676,COMP,24.67,24.66,24.67,124500.0,142900.0,0,0
1.0,1.0,1.0,,Welcome to the RITC 2026 Liquidity Risk Case - practice server,Good Luck!,235,2026-02-01 01:57:26.873687,RITC,10.38,10.38,10.4,195700.0,110600.0,0,0
,,,,,,235,2026-02-01 01:57:26.873687,COMP,24.67,24.66,24.67,130900.0,142900.0,0,0
1.0,1.0,1.0,,Welcome to the RITC 2026 Liquidity Risk Case - practice server,Good Luck!,236,2026-02-01 01:57:27.891989,RITC,10.37,10.37,10.4,198500.0,110600.0,0,0
,,,,,,236,2026-02-01 01:57:27.891989,COMP,24.67,24.66,24.67,130900.0,140800.0,0,0
1.0,1.0,1.0,,Welcome to the RITC 2026 Liquidity Risk Case - practice server,Good Luck!,237,2026-02-01 01:57:28.922630,RITC,10.37,10.37,10.4,200400.0,120500.0,0,0
,,,,,,237,2026-02-01 01:57:28.922630,COMP,24.73,24.66,24.73,130900.0,138700.0,0,0
1.0,1.0,1.0,,Welcome to the RITC 2026 Liquidity Risk Case - practice server,Good Luck!,238,2026-02-01 01:57:29.936311,RITC,10.37,10.38,10.4,199300.0,139200.0,0,0
,,,,,,238,2026-02-01 01:57:29.936311,COMP,24.75,24.66,24.75,139200.0,137200.0,0,0
1.0,1.0,1.0,,Welcome to the RITC 2026 Liquidity Risk Case - practice server,Good Luck!,239,2026-02-01 01:57:30.953799,RITC,10.37,10.38,10.4,199600.0,139200.0,0,0
,,,,,,239,2026-02-01 01:57:30.953799,COMP,24.75,24.72,24.75,146900.0,137200.0,0,0
1.0,1.0,1.0,,Welcome to the RITC 2026 Liquidity Risk Case - practice server,Good Luck!,240,2026-02-01 01:57:31.971969,RITC,10.39,10.39,10.4,200400.0,149800.0,0,0
,,,,,,240,2026-02-01 01:57:31.971969,COMP,24.75,24.72,24.75,145400.0,137200.0,0,0
1.0,1.0,1.0,,Welcome to the RITC 2026 Liquidity Risk Case - practice server,Good Luck!,241,2026-02-01 01:57:33.004074,RITC,10.39,10.39,10.4,197000.0,158900.0,0,0
,,,,,,241,2026-02-01 01:57:33.004074,COMP,24.76,24.72,24.76,145400.0,135800.0,0,0
1.0,1.0,1.0,,Welcome to the RITC 2026 Liquidity Risk Case - practice server,Good Luck!,242,2026-02-01 01:57:34.036189,RITC,10.39,10.39,10.4,197600.0,158900.0,0,0
,,,,,,242,2026-02-01 01:57:34.036189,COMP,24.76,24.72,24.76,145400.0,136200.0,0,0
1.0,1.0,1.0,,Welcome to the RITC 2026 Liquidity Risk Case - practice server,Good Luck!,243,2026-02-01 01:57:35.069565,RITC,10.39,10.39,10.4,197400.0,158900.0,0,0
,,,,,,243,2026-02-01 01:57:35.069565,COMP,24.76,24.73,24.76,145400.0,136200.0,0,0
1.0,1.0,1.0,,Welcome to the RITC 2026 Liquidity Risk Case - practice server,Good Luck!,244,2026-02-01 01:57:36.114038,RITC,10.39,10.39,10.4,198000.0,158900.0,0,0
,,,,,,244,2026-02-01 01:57:36.114038,COMP,24.76,24.79,24.84,146400.0,137400.0,0,0
1.0,1.0,1.0,,Welcome to the RITC 2026 Liquidity Risk Case - practice server,Good Luck!,245,2026-02-01 01:57:37.153871,RITC,10.4,10.39,10.4,198000.0,150600.0,0,0
,,,,,,245,2026-02-01 01:57:37.153871,COMP,24.76,24.83,24.84,142900.0,137400.0,0,0
1.0,1.0,1.0,,Welcome to the RITC 2026 Liquidity Risk Case - practice server,Good Luck!,247,2026-02-01 01:57:38.199396,RITC,10.4,10.39,10.4,197900.0,142400.0,0,0
,,,,,,247,2026-02-01 01:57:38.199396,COMP,24.76,24.83,24.84,143200.0,137400.0,0,0
1.0,1.0,1.0,,Welcome to the RITC 2026 Liquidity Risk Case - practice server,Good Luck!,248,2026-02-01 01:57:39.234499,RITC,10.4,10.39,10.4,195900.0,131000.0,0,0
,,,,,,248,2026-02-01 01:57:39.234499,COMP,24.76,24.83,24.84,143200.0,137400.0,0,0
1.0,1.0,1.0,,Welcome to the RITC 2026 Liquidity Risk Case - practice server,Good Luck!,249,2026-02-01 01:57:40.255442,RITC,10.4,10.39,10.4,195900.0,110300.0,0,0
,,,,,,249,2026-02-01 01:57:40.255442,COMP,24.84,24.83,24.84,143200.0,138700.0,0,0
1.0,1.0,1.0,,Welcome to the RITC 2026 Liquidity Risk Case - practice server,Good Luck!,250,2026-02-01 01:57:41.270132,RITC,10.39,10.39,10.4,195700.0,100400.0,0,0
,,,,,,250,2026-02-01 01:57:41.270132,COMP,24.86,24.82,24.86,145100.0,140900.0,0,0
1.0,1.0,1.0,,Welcome to the RITC 2026 Liquidity Risk Case - practice server,Good Luck!,251,2026-02-01 01:57:42.297731,RITC,10.39,10.39,10.4,194400.0,100400.0,0,0
,,,,,,251,2026-02-01 01:57:42.297731,COMP,24.89,24.82,24.89,145100.0,142600.0,0,0
1.0,1.0,1.0,,Welcome to the RITC 2026 Liquidity Risk Case - practice server,Good Luck!,252,2026-02-01 01:57:43.339580,RITC,10.39,10.39,10.4,194500.0,100400.0,0,0
,,,,,,252,2026-02-01 01:57:43.339580,COMP,24.9,24.88,24.9,144500.0,141200.0,0,0
1.0,1.0,1.0,,Welcome to the RITC 2026 Liquidity Risk Case - practice server,Good Luck!,253,2026-02-01 01:57:44.373652,RITC,10.39,10.39,10.4,196100.0,100400.0,0,0
,,,,,,253,2026-02-01 01:57:44.373652,COMP,24.9,24.9,24.91,143900.0,140100.0,0,0
1.0,1.0,1.0,,Welcome to the RITC 2026 Liquidity Risk Case - practice server,Good Luck!,254,2026-02-01 01:57:45.394557,RITC,10.41,10.39,10.41,196100.0,101100.0,0,0
,,,,,,254,2026-02-01 01:57:45.394557,COMP,24.9,24.9,24.91,146200.0,140100.0,0,0
1.0,1.0,1.0,,Welcome to the RITC 2026 Liquidity Risk Case - practice server,Good Luck!,255,2026-02-01 01:57:46.419314,RITC,10.41,10.39,10.41,196900.0,92000.0,0,0
,,,,,,255,2026-02-01 01:57:46.419314,COMP,24.91,24.9,24.91,146200.0,141600.0,0,0
1.0,1.0,1.0,,Welcome to the RITC 2026 Liquidity Risk Case - practice server,Good Luck!,256,2026-02-01 01:57:47.466675,RITC,10.38,10.38,10.41,199100.0,92000.0,0,0
,,,,,,256,2026-02-01 01:57:47.466675,COMP,24.92,24.91,24.92,147800.0,141200.0,0,0
1.0,1.0,1.0,,Welcome to the RITC 2026 Liquidity Risk Case - practice server,Good Luck!,257,2026-02-01 01:57:48.504058,RITC,10.38,10.38,10.41,198900.0,100800.0,0,0
,,,,,,257,2026-02-01 01:57:48.504058,COMP,24.92,24.91,24.92,147800.0,141200.0,0,0
1.0,1.0,1.0,,Welcome to the RITC 2026 Liquidity Risk Case - practice server,Good Luck!,258,2026-02-01 01:57:49.538949,RITC,10.41,10.38,10.41,197500.0,90200.0,0,0
,,,,,,258,2026-02-01 01:57:49.538949,COMP,24.93,24.91,24.93,147800.0,138800.0,0,0
1.0,1.0,1.0,,Welcome to the RITC 2026 Liquidity Risk Case - practice server,Good Luck!,259,2026-02-01 01:57:50.627441,RITC,10.41,10.4,10.41,195800.0,99000.0,0,0
,,,,,,259,2026-02-01 01:57:50.627441,COMP,24.93,24.91,24.93,147800.0,137400.0,0,0
1.0,1.0,1.0,,Welcome to the RITC 2026 Liquidity Risk Case - practice server,Good Luck!,260,2026-02-01 01:57:51.693726,RITC,10.41,10.42,10.43,196700.0,90200.0,0,0
,,,,,,260,2026-02-01 01:57:51.693726,COMP,24.93,24.92,24.93,146900.0,138100.0,0,0
1.0,1.0,1.0,,Welcome to the RITC 2026 Liquidity Risk Case - practice server,Good Luck!,261,2026-02-01 01:57:52.744676,RITC,10.4,10.4,10.43,196500.0,90200.0,0,0
,,,,,,261,2026-02-01 01:57:52.744676,COMP,24.92,24.92,24.93,147000.0,138100.0,0,0
1.0,1.0,1.0,,Welcome to the RITC 2026 Liquidity Risk Case - practice server,Good Luck!,262,2026-02-01 01:57:53.838604,RITC,10.4,10.4,10.41,196500.0,100300.0,0,0
,,,,,,262,2026-02-01 01:57:53.838604,COMP,24.93,24.92,24.93,147000.0,136500.0,0,0
1.0,1.0,1.0,,Welcome to the RITC 2026 Liquidity Risk Case - practice server,Good Luck!,263,2026-02-01 01:57:54.864160,RITC,10.38,10.39,10.41,197600.0,100300.0,0,0
,,,,,,263,2026-02-01 01:57:54.864160,COMP,24.93,24.92,24.93,147500.0,138600.0,0,0
1.0,1.0,1.0,,Welcome to the RITC 2026 Liquidity Risk Case - practice server,Good Luck!,264,2026-02-01 01:57:55.891651,RITC,10.38,10.38,10.41,197000.0,100300.0,0,0
,,,,,,264,2026-02-01 01:57:55.891651,COMP,24.9,24.9,24.93,148800.0,138600.0,0,0
1.0,1.0,1.0,,Welcome to the RITC 2026 Liquidity Risk Case - practice server,Good Luck!,265,2026-02-01 01:57:56.913663,RITC,10.38,10.37,10.38,197000.0,120900.0,0,0
,,,,,,265,2026-02-01 01:57:56.913663,COMP,24.9,24.9,24.93,149400.0,138600.0,0,0
1.0,1.0,1.0,,Welcome to the RITC 2026 Liquidity Risk Case - practice server,Good Luck!,266,2026-02-01 01:57:57.944656,RITC,10.38,10.37,10.38,197000.0,138900.0,0,0
,,,,,,266,2026-02-01 01:57:57.944656,COMP,24.9,24.9,24.93,149400.0,138100.0,0,0
1.0,1.0,1.0,,Welcome to the RITC 2026 Liquidity Risk Case - practice server,Good Luck!,267,2026-02-01 01:57:58.986728,RITC,10.38,10.37,10.38,197000.0,158000.0,0,0
,,,,,,267,2026-02-01 01:57:58.986728,COMP,24.94,24.9,24.94,149400.0,139900.0,0,0
1.0,1.0,1.0,,Welcome to the RITC 2026 Liquidity Risk Case - practice server,Good Luck!,268,2026-02-01 01:58:00.023493,RITC,10.37,10.37,10.38,200400.0,167700.0,0,0
,,,,,,268,2026-02-01 01:58:00.023493,COMP,24.89,24.91,24.94,149000.0,139900.0,0,0
1.0,1.0,1.0,,Welcome to the RITC 2026 Liquidity Risk Case - practice server,Good Luck!,269,2026-02-01 01:58:01.054058,RITC,10.36,10.36,10.38,201600.0,178300.0,0,0
,,,,,,269,2026-02-01 01:58:01.054058,COMP,24.89,24.91,24.94,146700.0,139900.0,0,0
1.0,1.0,1.0,,Welcome to the RITC 2026 Liquidity Risk Case - practice server,Good Luck!,270,2026-02-01 01:58:02.079622,RITC,10.35,10.35,10.37,204000.0,188700.0,0,0
,,,,,,270,2026-02-01 01:58:02.079622,COMP,24.94,24.91,24.94,146700.0,142300.0,0,0
1.0,1.0,1.0,,Welcome to the RITC 2026 Liquidity Risk Case - practice server,Good Luck!,271,2026-02-01 01:58:03.108226,RITC,10.35,10.35,10.37,203700.0,190300.0,0,0
,,,,,,271,2026-02-01 01:58:03.108226,COMP,24.91,24.91,24.94,148500.0,142300.0,0,0
1.0,1.0,1.0,,Welcome to the RITC 2026 Liquidity Risk Case - practice server,Good Luck!,272,2026-02-01 01:58:04.140194,RITC,10.35,10.35,10.37,201800.0,190300.0,0,0
,,,,,,272,2026-02-01 01:58:04.140194,COMP,24.89,24.89,24.94,149500.0,142700.0,0,0
1.0,1.0,1.0,,Welcome to the RITC 2026 Liquidity Risk Case - practice server,Good Luck!,273,2026-02-01 01:58:05.171088,RITC,10.34,10.34,10.36,202300.0,191800.0,0,0
,,,,,,273,2026-02-01 01:58:05.171088,COMP,24.89,24.89,24.94,148200.0,142700.0,0,0
1.0,1.0,1.0,,Welcome to the RITC 2026 Liquidity Risk Case - practice server,Good Luck!,274,2026-02-01 01:58:06.206975,RITC,10.34,10.34,10.36,201800.0,192600.0,0,0
,,,,,,274,2026-02-01 01:58:06.206975,COMP,24.89,24.89,24.94,146800.0,142700.0,0,0
1.0,1.0,1.0,,Welcome to the RITC 2026 Liquidity Risk Case - practice server,Good Luck!,275,2026-02-01 01:58:07.250511,RITC,10.34,10.34,10.35,201800.0,194800.0,0,0
,,,,,,275,2026-02-01 01:58:07.250511,COMP,24.94,24.91,24.94,145800.0,142100.0,0,0
1.0,1.0,1.0,,Welcome to the RITC 2026 Liquidity Risk Case - practice server,Good Luck!,276,2026-02-01 01:58:08.295018,RITC,10.34,10.34,10.35,201800.0,195600.0,0,0
,,,,,,276,2026-02-01 01:58:08.295018,COMP,24.94,24.91,24.94,145800.0,141500.0,0,0
1.0,1.0,1.0,,Welcome to the RITC 2026 Liquidity Risk Case - practice server,Good Luck!,277,2026-02-01 01:58:09.341390,RITC,10.33,10.33,10.35,196500.0,196600.0,0,0
,,,,,,277,2026-02-01 01:58:09.341390,COMP,24.94,24.91,24.94,143500.0,141500.0,0,0
1.0,1.0,1.0,,Welcome to the RITC 2026 Liquidity Risk Case - practice server,Good Luck!,279,2026-02-01 01:58:10.383546,RITC,10.33,10.33,10.35,194900.0,196600.0,0,0
,,,,,,279,2026-02-01 01:58:10.383546,COMP,24.94,24.91,24.94,144900.0,141700.0,0,0
1.0,1.0,1.0,,Welcome to the RITC 2026 Liquidity Risk Case - practice server,Good Luck!,280,2026-02-01 01:58:11.423746,RITC,10.33,10.33,10.35,193500.0,197100.0,0,0
,,,,,,280,2026-02-01 01:58:11.423746,COMP,24.94,24.91,24.94,144900.0,141700.0,0,0
1.0,1.0,1.0,,Welcome to the RITC 2026 Liquidity Risk Case - practice server,Good Luck!,281,2026-02-01 01:58:12.456699,RITC,10.33,10.33,10.34,193500.0,200100.0,0,0
,,,,,,281,2026-02-01 01:58:12.456699,COMP,24.94,24.92,24.94,143800.0,142200.0,0,0
1.0,1.0,1.0,,Welcome to the RITC 2026 Liquidity Risk Case - practice server,Good Luck!,282,2026-02-01 01:58:13.493718,RITC,10.33,10.33,10.34,193400.0,200100.0,0,0
,,,,,,282,2026-02-01 01:58:13.493718,COMP,24.94,24.92,24.94,143800.0,142800.0,0,0
1.0,1.0,1.0,,Welcome to the RITC 2026 Liquidity Risk Case - practice server,Good Luck!,283,2026-02-01 01:58:14.523572,RITC,10.33,10.33,10.34,191600.0,201500.0,0,0
,,,,,,283,2026-02-01 01:58:14.523572,COMP,24.94,24.92,24.94,142400.0,142800.0,0,0
1.0,1.0,1.0,,Welcome to the RITC 2026 Liquidity Risk Case - practice server,Good Luck!,284,2026-02-01 01:58:15.558954,RITC,10.33,10.32,10.33,192300.0,200400.0,0,0
,,,,,,284,2026-02-01 01:58:15.558954,COMP,24.94,24.92,24.94,142400.0,143500.0,0,0
1.0,1.0,1.0,,Welcome to the RITC 2026 Liquidity Risk Case - practice server,Good Luck!,285,2026-02-01 01:58:16.596085,RITC,10.33,10.32,10.33,192300.0,202400.0,0,0
,,,,,,285,2026-02-01 01:58:16.596085,COMP,24.94,24.92,24.94,143900.0,142800.0,0,0
1.0,1.0,1.0,,Welcome to the RITC 2026 Liquidity Risk Case - practice server,Good Luck!,286,2026-02-01 01:58:17.631790,RITC,10.33,10.32,10.33,192300.0,201900.0,0,0
,,,,,,286,2026-02-01 01:58:17.631790,COMP,24.94,24.92,24.94,142600.0,142800.0,0,0
1.0,1.0,1.0,,Welcome to the RITC 2026 Liquidity Risk Case - practice server,Good Luck!,287,2026-02-01 01:58:18.675936,RITC,10.32,10.32,10.33,192300.0,201300.0,0,0
,,,,,,287,2026-02-01 01:58:18.675936,COMP,24.94,24.92,24.94,141400.0,142700.0,0,0
1.0,1.0,1.0,,Welcome to the RITC 2026 Liquidity Risk Case - practice server,Good Luck!,288,2026-02-01 01:58:19.705732,RITC,10.32,10.32,10.33,195100.0,201300.0,0,0
,,,,,,288,2026-02-01 01:58:19.705732,COMP,24.94,24.92,24.94,141400.0,140900.0,0,0
1.0,1.0,1.0,,Welcome to the RITC 2026 Liquidity Risk Case - practice server,Good Luck!,289,2026-02-01 01:58:20.725655,RITC,10.32,10.31,10.33,193700.0,201300.0,0,0
,,,,,,289,2026-02-01 01:58:20.725655,COMP,24.92,24.92,24.94,141400.0,140900.0,0,0
1.0,1.0,1.0,,Welcome to the RITC 2026 Liquidity Risk Case - practice server,Good Luck!,290,2026-02-01 01:58:21.755911,RITC,10.31,10.31,10.33,192100.0,202000.0,0,0
,,,,,,290,2026-02-01 01:58:21.755911,COMP,24.91,24.91,24.94,144800.0,140900.0,0,0
1.0,1.0,1.0,,Welcome to the RITC 2026 Liquidity Risk Case - practice server,Good Luck!,291,2026-02-01 01:58:22.810277,RITC,10.31,10.31,10.32,192100.0,202400.0,0,0
,,,,,,291,2026-02-01 01:58:22.810277,COMP,24.9,24.9,24.94,145300.0,140900.0,0,0
1.0,1.0,1.0,,Welcome to the RITC 2026 Liquidity Risk Case - practice server,Good Luck!,292,2026-02-01 01:58:23.934304,RITC,10.31,10.31,10.32,190700.0,200100.0,0,0
,,,,,,292,2026-02-01 01:58:23.934304,COMP,24.94,24.93,24.94,145100.0,141500.0,0,0
1.0,1.0,1.0,,Welcome to the RITC 2026 Liquidity Risk Case - practice server,Good Luck!,293,2026-02-01 01:58:24.976154,RITC,10.31,10.31,10.32,190700.0,200500.0,0,0
,,,,,,293,2026-02-01 01:58:24.976154,COMP,24.95,24.93,24.95,145100.0,142400.0,0,0
1.0,1.0,1.0,,Welcome to the RITC 2026 Liquidity Risk Case - practice server,Good Luck!,294,2026-02-01 01:58:26.016449,RITC,10.3,10.3,10.32,192800.0,197700.0,0,0
,,,,,,294,2026-02-01 01:58:26.016449,COMP,24.9,24.9,24.95,145300.0,142400.0,0,0
1.0,1.0,1.0,,Welcome to the RITC 2026 Liquidity Risk Case - practice server,Good Luck!,295,2026-02-01 01:58:27.046552,RITC,10.3,10.29,10.3,190400.0,197800.0,0,0
,,,,,,295,2026-02-01 01:58:27.046552,COMP,24.9,24.9,24.95,146700.0,142400.0,0,0
1.0,1.0,1.0,,Welcome to the RITC 2026 Liquidity Risk Case - practice server,Good Luck!,296,2026-02-01 01:58:28.091501,RITC,10.29,10.29,10.3,191800.0,196300.0,0,0
,,,,,,296,2026-02-01 01:58:28.091501,COMP,24.95,24.9,24.95,146200.0,143400.0,0,0
1.0,1.0,1.0,,Welcome to the RITC 2026 Liquidity Risk Case - practice server,Good Luck!,297,2026-02-01 01:58:29.154206,RITC,10.25,10.25,10.3,196800.0,196300.0,0,0
,,,,,,297,2026-02-01 01:58:29.154206,COMP,24.95,24.9,24.95,146600.0,143400.0,0,0
1.0,1.0,1.0,,Welcome to the RITC 2026 Liquidity Risk Case - practice server,Good Luck!,298,2026-02-01 01:58:30.216618,RITC,10.25,10.25,10.28,196800.0,195200.0,0,0
,,,,,,298,2026-02-01 01:58:30.216618,COMP,24.95,24.9,24.95,144700.0,143500.0,0,0
1.0,1.0,1.0,,Welcome to the RITC 2026 Liquidity Risk Case - practice server,Good Luck!,299,2026-02-01 01:58:31.256590,RITC,10.25,10.25,10.28,196800.0,194800.0,0,0
,,,,,,299,2026-02-01 01:58:31.256590,COMP,24.95,24.9,24.95,144700.0,143100.0,0,0
1.0,1.0,1.0,,Welcome to the RITC 2026 Liquidity Risk Case - practice server,Good Luck!,300,2026-02-01 01:58:32.306275,RITC,10.25,10.24,10.25,196600.0,190000.0,0,0
,,,,,,300,2026-02-01 01:58:32.306275,COMP,24.89,24.89,24.95,147500.0,143100.0,0,0
1.0,1.0,1.0,,Welcome to the RITC 2026 Liquidity Risk Case - practice server,Good Luck!,301,2026-02-01 01:58:33.478997,RITC,10.24,10.24,10.25,196400.0,191000.0,0,0
,,,,,,301,2026-02-01 01:58:33.478997,COMP,24.89,24.89,24.95,146300.0,143100.0,0,0
1.0,1.0,1.0,,Welcome to the RITC 2026 Liquidity Risk Case - practice server,Good Luck!,302,2026-02-01 01:58:34.526421,RITC,10.24,10.24,10.25,197100.0,192300.0,0,0
,,,,,,302,2026-02-01 01:58:34.526421,COMP,24.89,24.94,24.95,145700.0,143100.0,0,0
1.0,1.0,1.0,,Welcome to the RITC 2026 Liquidity Risk Case - practice server,Good Luck!,304,2026-02-01 01:58:35.622702,RITC,10.24,10.24,10.25,197200.0,189900.0,0,0
,,,,,,304,2026-02-01 01:58:35.622702,COMP,24.89,24.89,24.96,146300.0,143100.0,0,0
1.0,1.0,1.0,,Welcome to the RITC 2026 Liquidity Risk Case - practice server,Good Luck!,305,2026-02-01 01:58:36.664124,RITC,10.23,10.23,10.25,198100.0,190700.0,0,0
,,,,,,305,2026-02-01 01:58:36.664124,COMP,24.89,24.89,24.9,147600.0,142500.0,0,0
1.0,1.0,1.0,,Welcome to the RITC 2026 Liquidity Risk Case - practice server,Good Luck!,306,2026-02-01 01:58:37.704690,RITC,10.23,10.23,10.24,198100.0,191100.0,0,0
,,,,,,306,2026-02-01 01:58:37.704690,COMP,24.96,24.89,24.96,147600.0,142100.0,0,0
1.0,1.0,1.0,,Welcome to the RITC 2026 Liquidity Risk Case - practice server,Good Luck!,307,2026-02-01 01:58:38.731321,RITC,10.23,10.23,10.24,198000.0,192800.0,0,0
,,,,,,307,2026-02-01 01:58:38.731321,COMP,24.96,24.89,24.96,147000.0,142100.0,0,0
1.0,1.0,1.0,,Welcome to the RITC 2026 Liquidity Risk Case - practice server,Good Luck!,308,2026-02-01 01:58:39.766421,RITC,10.23,10.23,10.24,196200.0,191700.0,0,0
,,,,,,308,2026-02-01 01:58:39.766421,COMP,24.96,24.89,24.96,146800.0,142100.0,0,0
1.0,1.0,1.0,,Welcome to the RITC 2026 Liquidity Risk Case - practice server,Good Luck!,309,2026-02-01 01:58:40.792083,RITC,10.23,10.22,10.23,194100.0,193300.0,0,0
,,,,,,309,2026-02-01 01:58:40.792083,COMP,24.96,24.91,24.96,147100.0,140600.0,0,0
1.0,1.0,1.0,,Welcome to the RITC 2026 Liquidity Risk Case - practice server,Good Luck!,310,2026-02-01 01:58:41.823703,RITC,10.22,10.22,10.23,194100.0,196600.0,0,0
,,,,,,310,2026-02-01 01:58:41.823703,COMP,24.96,24.91,24.96,147600.0,140600.0,0,0
1.0,1.0,1.0,,Welcome to the RITC 2026 Liquidity Risk Case - practice server,Good Luck!,311,2026-02-01 01:58:42.864595,RITC,10.22,10.21,10.23,191300.0,197900.0,0,0
,,,,,,311,2026-02-01 01:58:42.864595,COMP,24.96,24.93,24.96,145500.0,139500.0,0,0
1.0,1.0,1.0,,Welcome to the RITC 2026 Liquidity Risk Case - practice server,Good Luck!,312,2026-02-01 01:58:43.897464,RITC,10.2,10.2,10.23,191100.0,197900.0,0,0
,,,,,,312,2026-02-01 01:58:43.897464,COMP,24.96,24.93,24.96,144300.0,139500.0,0,0
1.0,1.0,1.0,,Welcome to the RITC 2026 Liquidity Risk Case - practice server,Good Luck!,313,2026-02-01 01:58:44.948123,RITC,10.2,10.2,10.22,191100.0,200300.0,0,0
,,,,,,313,2026-02-01 01:58:44.948123,COMP,24.96,24.94,24.96,144000.0,139500.0,0,0
1.0,1.0,1.0,,Welcome to the RITC 2026 Liquidity Risk Case - practice server,Good Luck!,314,2026-02-01 01:58:46.003817,RITC,10.19,10.18,10.2,191600.0,199900.0,0,0
,,,,,,314,2026-02-01 01:58:46.003817,COMP,24.96,24.94,24.96,142800.0,139500.0,0,0
1.0,1.0,1.0,,Welcome to the RITC 2026 Liquidity Risk Case - practice server,Good Luck!,315,2026-02-01 01:58:47.055690,RITC,10.18,10.18,10.2,189900.0,199400.0,0,0
,,,,,,315,2026-02-01 01:58:47.055690,COMP,24.96,24.94,24.96,141500.0,139300.0,0,0
1.0,1.0,1.0,,Welcome to the RITC 2026 Liquidity Risk Case - practice server,Good Luck!,316,2026-02-01 01:58:48.199109,RITC,10.18,10.18,10.19,189900.0,200600.0,0,0
,,,,,,316,2026-02-01 01:58:48.199109,COMP,24.96,24.94,24.96,139700.0,139300.0,0,0
1.0,1.0,1.0,,Welcome to the RITC 2026 Liquidity Risk Case - practice server,Good Luck!,317,2026-02-01 01:58:49.236781,RITC,10.18,10.18,10.19,189900.0,199200.0,0,0
,,,,,,317,2026-02-01 01:58:49.236781,COMP,24.96,24.94,24.96,139700.0,137400.0,0,0
1.0,1.0,1.0,,Welcome to the RITC 2026 Liquidity Risk Case - practice server,Good Luck!,318,2026-02-01 01:58:50.273882,RITC,10.18,10.18,10.19,189900.0,198500.0,0,0
,,,,,,318,2026-02-01 01:58:50.273882,COMP,24.96,24.94,24.96,139700.0,135300.0,0,0
1.0,1.0,1.0,,Welcome to the RITC 2026 Liquidity Risk Case - practice server,Good Luck!,319,2026-02-01 01:58:51.327588,RITC,10.18,10.18,10.19,188500.0,198500.0,0,0
,,,,,,319,2026-02-01 01:58:51.327588,COMP,24.96,24.94,24.96,139600.0,135300.0,0,0
1.0,1.0,1.0,,Welcome to the RITC 2026 Liquidity Risk Case - practice server,Good Luck!,320,2026-02-01 01:58:52.484844,RITC,10.18,10.18,10.19,187400.0,194100.0,0,0
,,,,,,320,2026-02-01 01:58:52.484844,COMP,24.97,24.96,24.97,138000.0,139100.0,0,0
1.0,1.0,1.0,,Welcome to the RITC 2026 Liquidity Risk Case - practice server,Good Luck!,321,2026-02-01 01:58:53.547293,RITC,10.18,10.18,10.19,187400.0,194100.0,0,0
,,,,,,321,2026-02-01 01:58:53.547293,COMP,24.97,24.96,24.97,138000.0,138100.0,0,0
1.0,1.0,1.0,,Welcome to the RITC 2026 Liquidity Risk Case - practice server,Good Luck!,322,2026-02-01 01:58:54.592165,RITC,10.17,10.17,10.19,188100.0,194100.0,0,0
,,,,,,322,2026-02-01 01:58:54.592165,COMP,24.97,24.96,24.97,138000.0,138100.0,0,0
1.0,1.0,1.0,,Welcome to the RITC 2026 Liquidity Risk Case - practice server,Good Luck!,323,2026-02-01 01:58:55.642969,RITC,10.17,10.17,10.19,188100.0,193900.0,0,0
,,,,,,323,2026-02-01 01:58:55.642969,COMP,24.97,24.96,24.97,137400.0,138500.0,0,0
1.0,1.0,1.0,,Welcome to the RITC 2026 Liquidity Risk Case - practice server,Good Luck!,325,2026-02-01 01:58:56.691913,RITC,10.16,10.16,10.19,190800.0,195500.0,0,0
,,,,,,325,2026-02-01 01:58:56.691913,COMP,24.97,24.96,24.97,137400.0,138600.0,0,0
1.0,1.0,1.0,,Welcome to the RITC 2026 Liquidity Risk Case - practice server,Good Luck!,326,2026-02-01 01:58:57.742108,RITC,10.16,10.16,10.19,190200.0,195500.0,0,0
,,,,,,326,2026-02-01 01:58:57.742108,COMP,24.96,24.95,24.97,138300.0,138600.0,0,0
1.0,1.0,1.0,,Welcome to the RITC 2026 Liquidity Risk Case - practice server,Good Luck!,327,2026-02-01 01:58:58.784348,RITC,10.16,10.16,10.17,190200.0,195000.0,0,0
,,,,,,327,2026-02-01 01:58:58.784348,COMP,24.97,24.95,24.97,138300.0,138800.0,0,0
1.0,1.0,1.0,,Welcome to the RITC 2026 Liquidity Risk Case - practice server,Good Luck!,328,2026-02-01 01:58:59.819221,RITC,10.16,10.15,10.16,189000.0,192300.0,0,0
,,,,,,328,2026-02-01 01:58:59.819221,COMP,24.97,24.95,24.97,138300.0,139900.0,0,0
1.0,1.0,1.0,,Welcome to the RITC 2026 Liquidity Risk Case - practice server,Good Luck!,329,2026-02-01 01:59:00.857797,RITC,10.15,10.15,10.16,190900.0,192600.0,0,0
,,,,,,329,2026-02-01 01:59:00.857797,COMP,24.97,24.95,24.97,137700.0,139900.0,0,0
1.0,1.0,1.0,,Welcome to the RITC 2026 Liquidity Risk Case - practice server,Good Luck!,330,2026-02-01 01:59:01.886836,RITC,10.15,10.15,10.16,190900.0,191800.0,0,0
,,,,,,330,2026-02-01 01:59:01.886836,COMP,24.97,24.95,24.97,138000.0,139900.0,0,0
1.0,1.0,1.0,,Welcome to the RITC 2026 Liquidity Risk Case - practice server,Good Luck!,331,2026-02-01 01:59:02.934476,RITC,10.15,10.15,10.16,190400.0,192800.0,0,0
,,,,,,331,2026-02-01 01:59:02.934476,COMP,24.94,24.94,24.97,139800.0,139900.0,0,0
1.0,1.0,1.0,,Welcome to the RITC 2026 Liquidity Risk Case - practice server,Good Luck!,332,2026-02-01 01:59:03.990561,RITC,10.15,10.15,10.16,190200.0,193300.0,0,0
,,,,,,332,2026-02-01 01:59:03.990561,COMP,24.94,24.94,24.97,140700.0,139900.0,0,0
1.0,1.0,1.0,,Welcome to the RITC 2026 Liquidity Risk Case - practice server,Good Luck!,333,2026-02-01 01:59:05.065488,RITC,10.15,10.15,10.16,190400.0,194100.0,0,0
,,,,,,333,2026-02-01 01:59:05.065488,COMP,24.97,24.94,24.97,140900.0,139500.0,0,0
1.0,1.0,1.0,,Welcome to the RITC 2026 Liquidity Risk Case - practice server,Good Luck!,334,2026-02-01 01:59:06.114230,RITC,10.13,10.13,10.15,190400.0,193200.0,0,0
,,,,,,334,2026-02-01 01:59:06.114230,COMP,24.97,24.94,24.97,140900.0,139500.0,0,0
1.0,1.0,1.0,,Welcome to the RITC 2026 Liquidity Risk Case - practice server,Good Luck!,335,2026-02-01 01:59:07.159630,RITC,10.13,10.13,10.15,187400.0,194100.0,0,0
,,,,,,335,2026-02-01 01:59:07.159630,COMP,24.97,24.94,24.97,140900.0,141900.0,0,0
1.0,1.0,1.0,,Welcome to the RITC 2026 Liquidity Risk Case - practice server,Good Luck!,336,2026-02-01 01:59:08.206615,RITC,10.13,10.13,10.14,189500.0,194700.0,0,0
,,,,,,336,2026-02-01 01:59:08.206615,COMP,24.97,24.94,24.97,140900.0,141900.0,0,0
1.0,1.0,1.0,,Welcome to the RITC 2026 Liquidity Risk Case - practice server,Good Luck!,337,2026-02-01 01:59:09.258052,RITC,10.13,10.13,10.14,189500.0,194300.0,0,0
,,,,,,337,2026-02-01 01:59:09.258052,COMP,24.98,24.94,24.98,140900.0,142000.0,0,0
1.0,1.0,1.0,,Welcome to the RITC 2026 Liquidity Risk Case - practice server,Good Luck!,338,2026-02-01 01:59:10.311825,RITC,10.13,10.13,10.14,189600.0,194300.0,0,0
,,,,,,338,2026-02-01 01:59:10.311825,COMP,24.98,24.94,24.98,140900.0,140900.0,0,0
1.0,1.0,1.0,,Welcome to the RITC 2026 Liquidity Risk Case - practice server,Good Luck!,339,2026-02-01 01:59:11.378054,RITC,10.12,10.12,10.14,189300.0,194300.0,0,0
,,,,,,339,2026-02-01 01:59:11.378054,COMP,24.98,24.94,24.98,140300.0,140900.0,0,0
1.0,1.0,1.0,,Welcome to the RITC 2026 Liquidity Risk Case - practice server,Good Luck!,340,2026-02-01 01:59:12.437972,RITC,10.11,10.11,10.14,188100.0,192500.0,0,0
,,,,,,340,2026-02-01 01:59:12.437972,COMP,24.98,24.95,24.98,141400.0,140900.0,0,0
1.0,1.0,1.0,,Welcome to the RITC 2026 Liquidity Risk Case - practice server,Good Luck!,341,2026-02-01 01:59:13.550535,RITC,10.11,10.11,10.14,188000.0,195400.0,0,0
,,,,,,341,2026-02-01 01:59:13.550535,COMP,24.98,24.95,24.98,141400.0,140900.0,0,0
1.0,1.0,1.0,,Welcome to the RITC 2026 Liquidity Risk Case - practice server,Good Luck!,342,2026-02-01 01:59:14.587412,RITC,10.11,10.09,10.1,187100.0,200200.0,0,0
,,,,,,342,2026-02-01 01:59:14.587412,COMP,24.98,24.95,24.98,140900.0,141700.0,0,0
1.0,1.0,1.0,,Welcome to the RITC 2026 Liquidity Risk Case - practice server,Good Luck!,343,2026-02-01 01:59:15.654320,RITC,10.09,10.09,10.1,184300.0,200200.0,0,0
,,,,,,343,2026-02-01 01:59:15.654320,COMP,24.98,24.95,24.98,140000.0,141700.0,0,0
1.0,1.0,1.0,,Welcome to the RITC 2026 Liquidity Risk Case - practice server,Good Luck!,344,2026-02-01 01:59:16.681347,RITC,10.07,10.07,10.08,181700.0,200800.0,0,0
,,,,,,344,2026-02-01 01:59:16.681347,COMP,24.95,24.95,24.98,140000.0,140300.0,0,0
1.0,1.0,1.0,,Welcome to the RITC 2026 Liquidity Risk Case - practice server,Good Luck!,345,2026-02-01 01:59:17.729269,RITC,10.07,10.06,10.07,182200.0,199100.0,0,0
,,,,,,345,2026-02-01 01:59:17.729269,COMP,24.99,24.95,24.99,140000.0,144600.0,0,0
1.0,1.0,1.0,,Welcome to the RITC 2026 Liquidity Risk Case - practice server,Good Luck!,347,2026-02-01 01:59:18.788481,RITC,10.07,10.06,10.07,182200.0,199800.0,0,0
,,,,,,347,2026-02-01 01:59:18.788481,COMP,24.97,24.95,24.97,140000.0,144000.0,0,0
1.0,1.0,1.0,,Welcome to the RITC 2026 Liquidity Risk Case - practice server,Good Luck!,348,2026-02-01 01:59:19.838081,RITC,10.06,10.06,10.07,184100.0,199800.0,0,0
,,,,,,348,2026-02-01 01:59:19.838081,COMP,24.97,24.95,24.97,140000.0,142600.0,0,0
1.0,1.0,1.0,,Welcome to the RITC 2026 Liquidity Risk Case - practice server,Good Luck!,349,2026-02-01 01:59:20.885927,RITC,10.05,10.05,10.07,183400.0,199200.0,0,0
,,,,,,349,2026-02-01 01:59:20.885927,COMP,24.94,24.93,24.97,141100.0,142600.0,0,0
1.0,1.0,1.0,,Welcome to the RITC 2026 Liquidity Risk Case - practice server,Good Luck!,350,2026-02-01 01:59:21.936892,RITC,10.05,10.05,10.06,183400.0,199500.0,0,0
,,,,,,350,2026-02-01 01:59:21.936892,COMP,24.93,24.93,24.97,141400.0,142600.0,0,0
1.0,1.0,1.0,,Welcome to the RITC 2026 Liquidity Risk Case - practice server,Good Luck!,351,2026-02-01 01:59:23.003375,RITC,10.05,10.05,10.06,184500.0,199100.0,0,0
,,,,,,351,2026-02-01 01:59:23.003375,COMP,24.93,24.93,24.97,141700.0,142600.0,0,0
1.0,1.0,1.0,,Welcome to the RITC 2026 Liquidity Risk Case - practice server,Good Luck!,352,2026-02-01 01:59:24.057827,RITC,10.05,10.05,10.06,185500.0,200400.0,0,0
,,,,,,352,2026-02-01 01:59:24.057827,COMP,24.99,24.93,24.99,142300.0,144600.0,0,0
