news_id,period,tick,ticker,headline,body,tick,timestamp,ticker,last_price,bid_price,ask_price,BUY_ANON,SELL_ANON,BUY_CNCD-1,SELL_BOST-3
1.0,1.0,1.0,,Welcome to the RITC 2026 Liquidity Risk Case - practice server,Good Luck!,2,2026-02-01 10:12:35.671706,RITC,10.01,9.99,10.01,199700.0,197500.0,0,0
,,,,,,2,2026-02-01 10:12:35.671706,COMP,0.0,25.01,25.03,139100.0,140100.0,0,0
1.0,1.0,1.0,,Welcome to the RITC 2026 Liquidity Risk Case - practice server,Good Luck!,4,2026-02-01 10:12:36.712773,RITC,10.01,10.0,10.01,199600.0,197500.0,0,0
,,,,,,4,2026-02-01 10:12:36.712773,COMP,25.03,25.01,25.03,139100.0,142200.0,0,0
1.0,1.0,1.0,,Welcome to the RITC 2026 Liquidity Risk Case - practice server,Good Luck!,5,2026-02-01 10:12:37.746137,RITC,10.01,10.0,10.01,197200.0,197500.0,0,0
,,,,,,5,2026-02-01 10:12:37.746137,COMP,25.03,25.03,25.04,141100.0,140700.0,0,0
1.0,1.0,1.0,,Welcome to the RITC 2026 Liquidity Risk Case - practice server,Good Luck!,6,2026-02-01 10:12:38.781373,RITC,10.04,10.0,10.04,197200.0,189300.0,0,0
,,,,,,6,2026-02-01 10:12:38.781373,COMP,25.05,25.03,25.05,140300.0,134800.0,0,0
1.0,1.0,1.0,,Welcome to the RITC 2026 Liquidity Risk Case - practice server,Good Luck!,7,2026-02-01 10:12:39.813492,RITC,10.04,10.03,10.04,195300.0,178900.0,0,0
,,,,,,7,2026-02-01 10:12:39.813492,COMP,25.05,25.03,25.05,140300.0,141400.0,0,0
1.0,1.0,1.0,,Welcome to the RITC 2026 Liquidity Risk Case - practice server,Good Luck!,8,2026-02-01 10:12:40.842354,RITC,10.04,10.04,10.06,194900.0,157700.0,0,0
,,,,,,8,2026-02-01 10:12:40.842354,COMP,25.01,25.01,25.05,139100.0,140600.0,0,0
1.0,1.0,1.0,,Welcome to the RITC 2026 Liquidity Risk Case - practice server,Good Luck!,9,2026-02-01 10:12:41.879571,RITC,10.04,10.05,10.06,195500.0,157700.0,0,0
,,,,,,9,2026-02-01 10:12:41.879571,COMP,24.99,24.99,25.05,139700.0,140600.0,0,0
1.0,1.0,1.0,,Welcome to the RITC 2026 Liquidity Risk Case - practice server,Good Luck!,10,2026-02-01 10:12:42.909982,RITC,10.07,10.05,10.07,195500.0,138200.0,0,0
,,,,,,10,2026-02-01 10:12:42.909982,COMP,24.99,24.99,25.05,140900.0,140100.0,0,0
1.0,1.0,1.0,,Welcome to the RITC 2026 Liquidity Risk Case - practice server,Good Luck!,11,2026-02-01 10:12:43.927638,RITC,10.07,10.05,10.07,195000.0,138200.0,0,0
,,,,,,11,2026-02-01 10:12:43.927638,COMP,24.98,24.98,25.05,139300.0,140100.0,0,0
1.0,1.0,1.0,,Welcome to the RITC 2026 Liquidity Risk Case - practice server,Good Luck!,12,2026-02-01 10:12:44.946558,RITC,10.07,10.06,10.07,199500.0,138200.0,0,0
,,,,,,12,2026-02-01 10:12:44.946558,COMP,25.05,25.05,25.06,139500.0,142000.0,0,0
1.0,1.0,1.0,,Welcome to the RITC 2026 Liquidity Risk Case - practice server,Good Luck!,13,2026-02-01 10:12:45.966966,RITC,10.08,10.06,10.08,199400.0,129800.0,0,0
,,,,,,13,2026-02-01 10:12:45.966966,COMP,24.98,24.97,24.98,138700.0,142500.0,0,0
1.0,1.0,1.0,,Welcome to the RITC 2026 Liquidity Risk Case - practice server,Good Luck!,14,2026-02-01 10:12:46.978242,RITC,10.08,10.06,10.08,199500.0,138000.0,0,0
,,,,,,14,2026-02-01 10:12:46.978242,COMP,24.97,24.97,24.98,138700.0,142500.0,0,0
1.0,1.0,1.0,,Welcome to the RITC 2026 Liquidity Risk Case - practice server,Good Luck!,15,2026-02-01 10:12:47.995580,RITC,10.08,10.07,10.08,195400.0,138000.0,0,0
,,,,,,15,2026-02-01 10:12:47.995580,COMP,24.98,25.05,25.06,140000.0,142000.0,0,0
1.0,1.0,1.0,,Welcome to the RITC 2026 Liquidity Risk Case - practice server,Good Luck!,16,2026-02-01 10:12:49.013264,RITC,10.08,10.07,10.08,196000.0,127500.0,0,0
,,,,,,16,2026-02-01 10:12:49.013264,COMP,24.98,25.05,25.06,138700.0,142000.0,0,0
1.0,1.0,1.0,,Welcome to the RITC 2026 Liquidity Risk Case - practice server,Good Luck!,17,2026-02-01 10:12:50.046534,RITC,10.09,10.07,10.09,196000.0,119300.0,0,0
,,,,,,17,2026-02-01 10:12:50.046534,COMP,24.98,25.05,25.06,138700.0,142000.0,0,0
1.0,1.0,1.0,,Welcome to the RITC 2026 Liquidity Risk Case - practice server,Good Luck!,18,2026-02-01 10:12:51.062156,RITC,10.09,10.07,10.09,198200.0,109300.0,0,0
,,,,,,18,2026-02-01 10:12:51.062156,COMP,25.06,25.05,25.06,138700.0,142300.0,0,0
1.0,1.0,1.0,,Welcome to the RITC 2026 Liquidity Risk Case - practice server,Good Luck!,19,2026-02-01 10:12:52.096749,RITC,10.09,10.07,10.09,198200.0,99500.0,0,0
,,,,,,19,2026-02-01 10:12:52.096749,COMP,25.05,25.05,25.06,138100.0,142300.0,0,0
1.0,1.0,1.0,,Welcome to the RITC 2026 Liquidity Risk Case - practice server,Good Luck!,20,2026-02-01 10:12:53.116647,RITC,10.09,10.07,10.09,198100.0,102300.0,0,0
,,,,,,20,2026-02-01 10:12:53.116647,COMP,25.05,24.99,25.03,137200.0,140400.0,0,0
1.0,1.0,1.0,,Welcome to the RITC 2026 Liquidity Risk Case - practice server,Good Luck!,21,2026-02-01 10:12:54.146576,RITC,10.09,10.07,10.09,194700.0,102300.0,0,0
,,,,,,21,2026-02-01 10:12:54.146576,COMP,25.05,24.99,25.03,137200.0,141300.0,0,0
1.0,1.0,1.0,,Welcome to the RITC 2026 Liquidity Risk Case - practice server,Good Luck!,22,2026-02-01 10:12:55.162118,RITC,10.09,10.09,10.12,196100.0,102700.0,0,0
,,,,,,22,2026-02-01 10:12:55.162118,COMP,25.05,24.99,25.03,137200.0,139800.0,0,0
1.0,1.0,1.0,,Welcome to the RITC 2026 Liquidity Risk Case - practice server,Good Luck!,23,2026-02-01 10:12:56.178427,RITC,10.14,10.09,10.13,196100.0,110900.0,0,0
,,,,,,23,2026-02-01 10:12:56.178427,COMP,24.99,24.97,24.98,139000.0,139700.0,0,0
1.0,1.0,1.0,,Welcome to the RITC 2026 Liquidity Risk Case - practice server,Good Luck!,24,2026-02-01 10:12:57.192658,RITC,10.13,10.09,10.13,196100.0,110900.0,0,0
,,,,,,24,2026-02-01 10:12:57.192658,COMP,24.99,24.97,24.98,140400.0,139700.0,0,0
1.0,1.0,1.0,,Welcome to the RITC 2026 Liquidity Risk Case - practice server,Good Luck!,25,2026-02-01 10:12:58.206940,RITC,10.13,10.09,10.13,195100.0,110900.0,0,0
,,,,,,25,2026-02-01 10:12:58.206940,COMP,25.04,24.97,25.04,140800.0,142100.0,0,0
1.0,1.0,1.0,,Welcome to the RITC 2026 Liquidity Risk Case - practice server,Good Luck!,26,2026-02-01 10:12:59.217155,RITC,10.13,10.12,10.13,193500.0,110900.0,0,0
,,,,,,26,2026-02-01 10:12:59.217155,COMP,25.04,24.97,25.02,140800.0,141300.0,0,0
1.0,1.0,1.0,,Welcome to the RITC 2026 Liquidity Risk Case - practice server,Good Luck!,27,2026-02-01 10:13:00.236759,RITC,10.12,10.09,10.11,196200.0,122100.0,0,0
,,,,,,27,2026-02-01 10:13:00.236759,COMP,24.97,24.97,24.99,139400.0,142100.0,0,0
1.0,1.0,1.0,,Welcome to the RITC 2026 Liquidity Risk Case - practice server,Good Luck!,28,2026-02-01 10:13:01.266602,RITC,10.15,10.09,10.15,193400.0,101500.0,0,0
,,,,,,28,2026-02-01 10:13:01.266602,COMP,24.97,24.97,24.99,139400.0,142100.0,0,0
1.0,1.0,1.0,,Welcome to the RITC 2026 Liquidity Risk Case - practice server,Good Luck!,29,2026-02-01 10:13:02.296453,RITC,10.15,10.09,10.15,193300.0,99500.0,0,0
,,,,,,29,2026-02-01 10:13:02.296453,COMP,24.97,24.97,24.98,138400.0,144300.0,0,0
1.0,1.0,1.0,,Welcome to the RITC 2026 Liquidity Risk Case - practice server,Good Luck!,30,2026-02-01 10:13:03.312165,RITC,10.15,10.15,10.16,198500.0,97200.0,0,0
,,,,,,30,2026-02-01 10:13:03.312165,COMP,24.98,24.97,24.98,138400.0,144300.0,0,0
1.0,1.0,1.0,,Welcome to the RITC 2026 Liquidity Risk Case - practice server,Good Luck!,31,2026-02-01 10:13:04.339342,RITC,10.16,10.15,10.16,198900.0,97400.0,0,0
,,,,,,31,2026-02-01 10:13:04.339342,COMP,24.96,24.96,24.98,138200.0,144300.0,0,0
1.0,1.0,1.0,,Welcome to the RITC 2026 Liquidity Risk Case - practice server,Good Luck!,32,2026-02-01 10:13:05.366299,RITC,10.16,10.17,10.18,200000.0,96800.0,0,0
,,,,,,32,2026-02-01 10:13:05.366299,COMP,24.99,24.96,24.99,138200.0,144200.0,0,0
1.0,1.0,1.0,,Welcome to the RITC 2026 Liquidity Risk Case - practice server,Good Luck!,34,2026-02-01 10:13:06.389667,RITC,10.18,10.17,10.18,197900.0,96800.0,0,0
,,,,,,34,2026-02-01 10:13:06.389667,COMP,24.99,24.97,24.99,137400.0,144200.0,0,0
1.0,1.0,1.0,,Welcome to the RITC 2026 Liquidity Risk Case - practice server,Good Luck!,35,2026-02-01 10:13:07.417029,RITC,10.18,10.17,10.18,195800.0,96800.0,0,0
,,,,,,35,2026-02-01 10:13:07.417029,COMP,24.99,25.01,25.02,137000.0,142200.0,0,0
1.0,1.0,1.0,,Welcome to the RITC 2026 Liquidity Risk Case - practice server,Good Luck!,36,2026-02-01 10:13:08.440684,RITC,10.19,10.17,10.19,195800.0,93300.0,0,0
,,,,,,36,2026-02-01 10:13:08.440684,COMP,24.96,24.96,25.02,137300.0,142200.0,0,0
1.0,1.0,1.0,,Welcome to the RITC 2026 Liquidity Risk Case - practice server,Good Luck!,37,2026-02-01 10:13:09.461598,RITC,10.19,10.17,10.19,195000.0,93300.0,0,0
,,,,,,37,2026-02-01 10:13:09.461598,COMP,25.02,24.94,25.02,136900.0,142200.0,0,0
1.0,1.0,1.0,,Welcome to the RITC 2026 Liquidity Risk Case - practice server,Good Luck!,38,2026-02-01 10:13:10.485294,RITC,10.19,10.17,10.19,194600.0,103200.0,0,0
,,,,,,38,2026-02-01 10:13:10.485294,COMP,25.02,24.98,25.02,136500.0,142200.0,0,0
1.0,1.0,1.0,,Welcome to the RITC 2026 Liquidity Risk Case - practice server,Good Luck!,39,2026-02-01 10:13:11.506955,RITC,10.19,10.17,10.19,194600.0,99800.0,0,0
,,,,,,39,2026-02-01 10:13:11.506955,COMP,25.02,24.98,25.0,136500.0,142900.0,0,0
1.0,1.0,1.0,,Welcome to the RITC 2026 Liquidity Risk Case - practice server,Good Luck!,40,2026-02-01 10:13:12.529800,RITC,10.19,10.17,10.19,194600.0,121500.0,0,0
,,,,,,40,2026-02-01 10:13:12.529800,COMP,24.98,24.98,24.99,136500.0,143200.0,0,0
1.0,1.0,1.0,,Welcome to the RITC 2026 Liquidity Risk Case - practice server,Good Luck!,41,2026-02-01 10:13:13.540736,RITC,10.17,10.16,10.17,193800.0,139000.0,0,0
,,,,,,41,2026-02-01 10:13:13.540736,COMP,24.98,24.98,24.99,136500.0,141700.0,0,0
1.0,1.0,1.0,,Welcome to the RITC 2026 Liquidity Risk Case - practice server,Good Luck!,42,2026-02-01 10:13:14.571542,RITC,10.16,10.16,10.17,195300.0,139000.0,0,0
,,,,,,42,2026-02-01 10:13:14.571542,COMP,24.94,24.94,24.99,135500.0,141000.0,0,0
1.0,1.0,1.0,,Welcome to the RITC 2026 Liquidity Risk Case - practice server,Good Luck!,43,2026-02-01 10:13:15.595466,RITC,10.15,10.15,10.16,194700.0,159200.0,0,0
,,,,,,43,2026-02-01 10:13:15.595466,COMP,24.94,24.94,24.99,137100.0,141000.0,0,0
1.0,1.0,1.0,,Welcome to the RITC 2026 Liquidity Risk Case - practice server,Good Luck!,44,2026-02-01 10:13:16.616881,RITC,10.15,10.15,10.16,197800.0,159200.0,0,0
,,,,,,44,2026-02-01 10:13:16.616881,COMP,24.94,24.94,24.97,137100.0,139000.0,0,0
1.0,1.0,1.0,,Welcome to the RITC 2026 Liquidity Risk Case - practice server,Good Luck!,45,2026-02-01 10:13:17.627023,RITC,10.17,10.15,10.17,198600.0,148500.0,0,0
,,,,,,45,2026-02-01 10:13:17.627023,COMP,24.94,24.94,24.97,137100.0,138400.0,0,0
1.0,1.0,1.0,,Welcome to the RITC 2026 Liquidity Risk Case - practice server,Good Luck!,46,2026-02-01 10:13:18.646772,RITC,10.17,10.15,10.16,198600.0,165600.0,0,0
,,,,,,46,2026-02-01 10:13:18.646772,COMP,24.93,24.93,24.97,135500.0,138400.0,0,0
1.0,1.0,1.0,,Welcome to the RITC 2026 Liquidity Risk Case - practice server,Good Luck!,47,2026-02-01 10:13:19.666988,RITC,10.16,10.15,10.16,198600.0,165600.0,0,0
,,,,,,47,2026-02-01 10:13:19.666988,COMP,24.93,24.93,24.97,135500.0,139100.0,0,0
1.0,1.0,1.0,,Welcome to the RITC 2026 Liquidity Risk Case - practice server,Good Luck!,48,2026-02-01 10:13:20.681672,RITC,10.15,10.15,10.16,201100.0,165600.0,0,0
,,,,,,48,2026-02-01 10:13:20.681672,COMP,24.93,24.93,24.95,137600.0,140400.0,0,0
1.0,1.0,1.0,,Welcome to the RITC 2026 Liquidity Risk Case - practice server,Good Luck!,49,2026-02-01 10:13:21.699654,RITC,10.15,10.15,10.16,201600.0,175900.0,0,0
,,,,,,49,2026-02-01 10:13:21.699654,COMP,24.93,24.93,24.95,137300.0,140400.0,0,0
1.0,1.0,1.0,,Welcome to the RITC 2026 Liquidity Risk Case - practice server,Good Luck!,50,2026-02-01 10:13:22.716048,RITC,10.15,10.14,10.15,199000.0,187200.0,0,0
,,,,,,50,2026-02-01 10:13:22.716048,COMP,24.93,24.93,24.95,138100.0,140300.0,0,0
1.0,1.0,1.0,,Welcome to the RITC 2026 Liquidity Risk Case - practice server,Good Luck!,51,2026-02-01 10:13:23.736945,RITC,10.16,10.14,10.15,199000.0,185800.0,0,0
,,,,,,51,2026-02-01 10:13:23.736945,COMP,24.93,24.93,24.95,140200.0,140300.0,0,0
1.0,1.0,1.0,,Welcome to the RITC 2026 Liquidity Risk Case - practice server,Good Luck!,52,2026-02-01 10:13:24.756809,RITC,10.14,10.14,10.15,199000.0,186400.0,0,0
,,,,,,52,2026-02-01 10:13:24.756809,COMP,24.93,24.93,24.95,139900.0,138900.0,0,0
1.0,1.0,1.0,,Welcome to the RITC 2026 Liquidity Risk Case - practice server,Good Luck!,53,2026-02-01 10:13:25.767113,RITC,10.15,10.14,10.15,199000.0,187300.0,0,0
,,,,,,53,2026-02-01 10:13:25.767113,COMP,24.96,24.93,24.96,139900.0,139100.0,0,0
1.0,1.0,1.0,,Welcome to the RITC 2026 Liquidity Risk Case - practice server,Good Luck!,54,2026-02-01 10:13:26.796871,RITC,10.13,10.13,10.15,195900.0,184500.0,0,0
,,,,,,54,2026-02-01 10:13:26.796871,COMP,24.92,24.92,24.96,138100.0,137400.0,0,0
1.0,1.0,1.0,,Welcome to the RITC 2026 Liquidity Risk Case - practice server,Good Luck!,55,2026-02-01 10:13:27.817042,RITC,10.16,10.16,10.17,196100.0,185100.0,0,0
,,,,,,55,2026-02-01 10:13:27.817042,COMP,24.91,24.91,24.96,138200.0,137400.0,0,0
1.0,1.0,1.0,,Welcome to the RITC 2026 Liquidity Risk Case - practice server,Good Luck!,56,2026-02-01 10:13:28.839780,RITC,10.13,10.12,10.13,195500.0,185100.0,0,0
,,,,,,56,2026-02-01 10:13:28.839780,COMP,24.97,24.91,24.96,138200.0,137600.0,0,0
1.0,1.0,1.0,,Welcome to the RITC 2026 Liquidity Risk Case - practice server,Good Luck!,57,2026-02-01 10:13:29.846984,RITC,10.14,10.12,10.14,195500.0,185700.0,0,0
,,,,,,57,2026-02-01 10:13:29.846984,COMP,24.96,24.96,24.97,139300.0,138800.0,0,0
1.0,1.0,1.0,,Welcome to the RITC 2026 Liquidity Risk Case - practice server,Good Luck!,58,2026-02-01 10:13:30.866973,RITC,10.09,10.09,10.14,196300.0,185700.0,0,0
,,,,,,58,2026-02-01 10:13:30.866973,COMP,24.91,24.91,24.97,138100.0,138800.0,0,0
1.0,1.0,1.0,,Welcome to the RITC 2026 Liquidity Risk Case - practice server,Good Luck!,59,2026-02-01 10:13:31.876971,RITC,10.12,10.09,10.12,196300.0,186700.0,0,0
,,,,,,59,2026-02-01 10:13:31.876971,COMP,24.91,24.91,24.97,137400.0,138800.0,0,0
1.0,1.0,1.0,,Welcome to the RITC 2026 Liquidity Risk Case - practice server,Good Luck!,60,2026-02-01 10:13:32.906563,RITC,10.12,10.09,10.1,196300.0,185500.0,0,0
,,,,,,60,2026-02-01 10:13:32.906563,COMP,24.91,24.91,24.97,137900.0,138800.0,0,0
1.0,1.0,1.0,,Welcome to the RITC 2026 Liquidity Risk Case - practice server,Good Luck!,61,2026-02-01 10:13:33.935728,RITC,10.09,10.09,10.1,194400.0,185500.0,0,0
,,,,,,61,2026-02-01 10:13:33.935728,COMP,24.92,24.91,24.92,137900.0,138000.0,0,0
1.0,1.0,1.0,,Welcome to the RITC 2026 Liquidity Risk Case - practice server,Good Luck!,62,2026-02-01 10:13:34.966695,RITC,10.12,10.13,10.14,196500.0,185200.0,0,0
,,,,,,62,2026-02-01 10:13:34.966695,COMP,24.92,24.91,24.92,137900.0,138700.0,0,0
1.0,1.0,1.0,,Welcome to the RITC 2026 Liquidity Risk Case - practice server,Good Luck!,63,2026-02-01 10:13:35.986503,RITC,10.14,10.14,10.16,198500.0,183700.0,0,0
,,,,,,63,2026-02-01 10:13:35.986503,COMP,24.9,24.9,24.92,136800.0,138700.0,0,0
1.0,1.0,1.0,,Welcome to the RITC 2026 Liquidity Risk Case - practice server,Good Luck!,64,2026-02-01 10:13:36.996684,RITC,10.14,10.14,10.15,198100.0,184900.0,0,0
,,,,,,64,2026-02-01 10:13:36.996684,COMP,24.9,24.9,24.92,136800.0,138200.0,0,0
1.0,1.0,1.0,,Welcome to the RITC 2026 Liquidity Risk Case - practice server,Good Luck!,65,2026-02-01 10:13:38.006762,RITC,10.14,10.14,10.15,196500.0,184900.0,0,0
,,,,,,65,2026-02-01 10:13:38.006762,COMP,24.89,24.89,24.92,129000.0,137000.0,0,0
1.0,1.0,1.0,,Welcome to the RITC 2026 Liquidity Risk Case - practice server,Good Luck!,66,2026-02-01 10:13:39.026801,RITC,10.09,10.09,10.1,194400.0,186400.0,0,0
,,,,,,66,2026-02-01 10:13:39.026801,COMP,24.89,24.89,24.9,129000.0,137300.0,0,0
1.0,1.0,1.0,,Welcome to the RITC 2026 Liquidity Risk Case - practice server,Good Luck!,67,2026-02-01 10:13:40.037099,RITC,10.1,10.09,10.1,194400.0,190700.0,0,0
,,,,,,67,2026-02-01 10:13:40.037099,COMP,24.89,24.89,24.9,129000.0,137300.0,0,0
1.0,1.0,1.0,,Welcome to the RITC 2026 Liquidity Risk Case - practice server,Good Luck!,68,2026-02-01 10:13:41.069883,RITC,10.09,10.09,10.1,194800.0,191500.0,0,0
,,,,,,68,2026-02-01 10:13:41.069883,COMP,24.9,24.9,24.92,136100.0,138500.0,0,0
1.0,1.0,1.0,,Welcome to the RITC 2026 Liquidity Risk Case - practice server,Good Luck!,69,2026-02-01 10:13:42.096728,RITC,10.1,10.09,10.1,194800.0,191100.0,0,0
,,,,,,69,2026-02-01 10:13:42.096728,COMP,24.88,24.88,24.92,123000.0,138500.0,0,0
1.0,1.0,1.0,,Welcome to the RITC 2026 Liquidity Risk Case - practice server,Good Luck!,70,2026-02-01 10:13:43.123489,RITC,10.09,10.09,10.1,194800.0,189100.0,0,0
,,,,,,70,2026-02-01 10:13:43.123489,COMP,24.86,24.86,24.92,102300.0,138500.0,0,0
1.0,1.0,1.0,,Welcome to the RITC 2026 Liquidity Risk Case - practice server,Good Luck!,71,2026-02-01 10:13:44.142132,RITC,10.09,10.09,10.1,194800.0,190200.0,0,0
,,,,,,71,2026-02-01 10:13:44.142132,COMP,24.92,24.86,24.92,102300.0,138200.0,0,0
1.0,1.0,1.0,,Welcome to the RITC 2026 Liquidity Risk Case - practice server,Good Luck!,72,2026-02-01 10:13:45.170719,RITC,10.08,10.08,10.09,194100.0,192800.0,0,0
,,,,,,72,2026-02-01 10:13:45.170719,COMP,24.84,24.84,24.92,88500.0,138200.0,0,0
1.0,1.0,1.0,,Welcome to the RITC 2026 Liquidity Risk Case - practice server,Good Luck!,73,2026-02-01 10:13:46.191001,RITC,10.08,10.08,10.09,194000.0,192800.0,0,0
,,,,,,73,2026-02-01 10:13:46.191001,COMP,24.84,24.84,24.9,88500.0,138100.0,0,0
1.0,1.0,1.0,,Welcome to the RITC 2026 Liquidity Risk Case - practice server,Good Luck!,74,2026-02-01 10:13:47.220735,RITC,10.07,10.07,10.09,193300.0,192800.0,0,0
,,,,,,74,2026-02-01 10:13:47.220735,COMP,24.93,24.84,24.93,96600.0,139000.0,0,0
1.0,1.0,1.0,,Welcome to the RITC 2026 Liquidity Risk Case - practice server,Good Luck!,75,2026-02-01 10:13:48.236186,RITC,10.07,10.07,10.08,193300.0,193100.0,0,0
,,,,,,75,2026-02-01 10:13:48.236186,COMP,24.93,24.84,24.93,96600.0,140300.0,0,0
1.0,1.0,1.0,,Welcome to the RITC 2026 Liquidity Risk Case - practice server,Good Luck!,76,2026-02-01 10:13:49.267231,RITC,10.06,10.06,10.08,193800.0,193100.0,0,0
,,,,,,76,2026-02-01 10:13:49.267231,COMP,24.93,24.84,24.93,96600.0,142000.0,0,0
1.0,1.0,1.0,,Welcome to the RITC 2026 Liquidity Risk Case - practice server,Good Luck!,77,2026-02-01 10:13:50.295857,RITC,10.06,10.07,10.08,194300.0,193500.0,0,0
,,,,,,77,2026-02-01 10:13:50.295857,COMP,24.93,24.84,24.88,96600.0,138300.0,0,0
1.0,1.0,1.0,,Welcome to the RITC 2026 Liquidity Risk Case - practice server,Good Luck!,78,2026-02-01 10:13:51.327714,RITC,10.07,10.07,10.08,194300.0,193500.0,0,0
,,,,,,78,2026-02-01 10:13:51.327714,COMP,24.93,24.84,24.88,96600.0,137300.0,0,0
1.0,1.0,1.0,,Welcome to the RITC 2026 Liquidity Risk Case - practice server,Good Luck!,79,2026-02-01 10:13:52.346723,RITC,10.08,10.07,10.08,194300.0,193500.0,0,0
,,,,,,79,2026-02-01 10:13:52.346723,COMP,24.93,24.84,24.87,96600.0,135800.0,0,0
1.0,1.0,1.0,,Welcome to the RITC 2026 Liquidity Risk Case - practice server,Good Luck!,80,2026-02-01 10:13:53.376836,RITC,10.09,10.07,10.09,195600.0,193500.0,0,0
,,,,,,80,2026-02-01 10:13:53.376836,COMP,24.84,24.82,24.84,90200.0,135400.0,0,0
1.0,1.0,1.0,,Welcome to the RITC 2026 Liquidity Risk Case - practice server,Good Luck!,81,2026-02-01 10:13:54.406907,RITC,10.06,10.06,10.09,192400.0,193500.0,0,0
,,,,,,81,2026-02-01 10:13:54.406907,COMP,24.82,24.79,24.8,76700.0,136900.0,0,0
1.0,1.0,1.0,,Welcome to the RITC 2026 Liquidity Risk Case - practice server,Good Luck!,82,2026-02-01 10:13:55.416725,RITC,10.06,10.06,10.07,192400.0,194100.0,0,0
,,,,,,82,2026-02-01 10:13:55.416725,COMP,24.82,24.79,24.8,85500.0,138800.0,0,0
1.0,1.0,1.0,,Welcome to the RITC 2026 Liquidity Risk Case - practice server,Good Luck!,83,2026-02-01 10:13:56.436949,RITC,10.06,10.06,10.07,194200.0,194000.0,0,0
,,,,,,83,2026-02-01 10:13:56.436949,COMP,24.81,24.79,24.81,85500.0,136500.0,0,0
1.0,1.0,1.0,,Welcome to the RITC 2026 Liquidity Risk Case - practice server,Good Luck!,84,2026-02-01 10:13:57.461482,RITC,10.06,10.05,10.07,195500.0,192200.0,0,0
,,,,,,84,2026-02-01 10:13:57.461482,COMP,24.75,24.76,24.81,83800.0,136500.0,0,0
1.0,1.0,1.0,,Welcome to the RITC 2026 Liquidity Risk Case - practice server,Good Luck!,85,2026-02-01 10:13:58.486478,RITC,10.06,10.05,10.06,195500.0,195600.0,0,0
,,,,,,85,2026-02-01 10:13:58.486478,COMP,24.81,24.82,24.84,91900.0,135400.0,0,0
1.0,1.0,1.0,,Welcome to the RITC 2026 Liquidity Risk Case - practice server,Good Luck!,86,2026-02-01 10:13:59.501909,RITC,10.06,10.05,10.06,195500.0,198200.0,0,0
,,,,,,86,2026-02-01 10:13:59.501909,COMP,24.81,24.83,24.84,105800.0,135400.0,0,0
1.0,1.0,1.0,,Welcome to the RITC 2026 Liquidity Risk Case - practice server,Good Luck!,87,2026-02-01 10:14:00.516939,RITC,10.05,10.05,10.06,195500.0,197800.0,0,0
,,,,,,87,2026-02-01 10:14:00.516939,COMP,24.81,24.83,24.84,113900.0,135400.0,0,0
1.0,1.0,1.0,,Welcome to the RITC 2026 Liquidity Risk Case - practice server,Good Luck!,88,2026-02-01 10:14:01.546681,RITC,10.06,10.05,10.06,195500.0,197800.0,0,0
,,,,,,88,2026-02-01 10:14:01.546681,COMP,24.81,24.83,24.84,126400.0,135400.0,0,0
1.0,1.0,1.0,,Welcome to the RITC 2026 Liquidity Risk Case - practice server,Good Luck!,89,2026-02-01 10:14:02.556827,RITC,10.06,10.05,10.06,195500.0,197300.0,0,0
,,,,,,89,2026-02-01 10:14:02.556827,COMP,24.83,24.83,24.84,126400.0,136100.0,0,0
1.0,1.0,1.0,,Welcome to the RITC 2026 Liquidity Risk Case - practice server,Good Luck!,90,2026-02-01 10:14:03.574834,RITC,10.05,10.05,10.06,192500.0,196500.0,0,0
,,,,,,90,2026-02-01 10:14:03.574834,COMP,24.83,24.83,24.84,132800.0,136100.0,0,0
1.0,1.0,1.0,,Welcome to the RITC 2026 Liquidity Risk Case - practice server,Good Luck!,91,2026-02-01 10:14:04.605613,RITC,10.04,10.04,10.06,191400.0,196500.0,0,0
,,,,,,91,2026-02-01 10:14:04.605613,COMP,24.83,24.83,24.84,130900.0,136100.0,0,0
1.0,1.0,1.0,,Welcome to the RITC 2026 Liquidity Risk Case - practice server,Good Luck!,92,2026-02-01 10:14:05.642161,RITC,10.04,10.04,10.06,193300.0,196500.0,0,0
,,,,,,92,2026-02-01 10:14:05.642161,COMP,24.83,24.82,24.83,122800.0,136000.0,0,0
1.0,1.0,1.0,,Welcome to the RITC 2026 Liquidity Risk Case - practice server,Good Luck!,93,2026-02-01 10:14:06.666556,RITC,10.04,10.04,10.05,192400.0,195500.0,0,0
,,,,,,93,2026-02-01 10:14:06.666556,COMP,24.84,24.82,24.84,114700.0,137000.0,0,0
1.0,1.0,1.0,,Welcome to the RITC 2026 Liquidity Risk Case - practice server,Good Luck!,94,2026-02-01 10:14:07.684951,RITC,10.04,10.04,10.05,192300.0,195900.0,0,0
,,,,,,94,2026-02-01 10:14:07.684951,COMP,24.84,24.85,24.87,122400.0,135800.0,0,0
1.0,1.0,1.0,,Welcome to the RITC 2026 Liquidity Risk Case - practice server,Good Luck!,95,2026-02-01 10:14:08.706790,RITC,10.04,10.04,10.05,192800.0,198700.0,0,0
,,,,,,95,2026-02-01 10:14:08.706790,COMP,24.9,24.85,24.9,122400.0,138700.0,0,0
1.0,1.0,1.0,,Welcome to the RITC 2026 Liquidity Risk Case - practice server,Good Luck!,96,2026-02-01 10:14:09.736791,RITC,10.04,10.04,10.05,191000.0,198700.0,0,0
,,,,,,96,2026-02-01 10:14:09.736791,COMP,24.82,24.82,24.9,114700.0,138700.0,0,0
1.0,1.0,1.0,,Welcome to the RITC 2026 Liquidity Risk Case - practice server,Good Luck!,97,2026-02-01 10:14:10.771749,RITC,10.04,10.04,10.05,192400.0,198700.0,0,0
,,,,,,97,2026-02-01 10:14:10.771749,COMP,24.9,24.9,24.91,121400.0,139200.0,0,0
1.0,1.0,1.0,,Welcome to the RITC 2026 Liquidity Risk Case - practice server,Good Luck!,99,2026-02-01 10:14:11.812101,RITC,10.04,10.04,10.05,194800.0,198700.0,0,0
,,,,,,99,2026-02-01 10:14:11.812101,COMP,24.9,24.82,24.9,114700.0,138000.0,0,0
1.0,1.0,1.0,,Welcome to the RITC 2026 Liquidity Risk Case - practice server,Good Luck!,100,2026-02-01 10:14:12.827110,RITC,10.03,10.03,10.05,197100.0,198700.0,0,0
,,,,,,100,2026-02-01 10:14:12.827110,COMP,24.9,24.89,24.9,123100.0,138400.0,0,0
1.0,1.0,1.0,,Welcome to the RITC 2026 Liquidity Risk Case - practice server,Good Luck!,101,2026-02-01 10:14:13.856747,RITC,10.03,10.03,10.05,199300.0,198700.0,0,0
,,,,,,101,2026-02-01 10:14:13.856747,COMP,24.91,24.89,24.91,123100.0,139900.0,0,0
1.0,1.0,1.0,,Welcome to the RITC 2026 Liquidity Risk Case - practice server,Good Luck!,102,2026-02-01 10:14:14.876748,RITC,10.03,10.03,10.05,200600.0,198700.0,0,0
,,,,,,102,2026-02-01 10:14:14.876748,COMP,24.91,24.89,24.91,129400.0,139900.0,0,0
1.0,1.0,1.0,,Welcome to the RITC 2026 Liquidity Risk Case - practice server,Good Luck!,103,2026-02-01 10:14:15.891560,RITC,10.03,10.03,10.05,200100.0,200000.0,0,0
,,,,,,103,2026-02-01 10:14:15.891560,COMP,24.91,24.91,24.92,137200.0,141000.0,0,0
1.0,1.0,1.0,,Welcome to the RITC 2026 Liquidity Risk Case - practice server,Good Luck!,104,2026-02-01 10:14:16.911865,RITC,10.02,10.02,10.05,200100.0,201900.0,0,0
,,,,,,104,2026-02-01 10:14:16.911865,COMP,24.93,24.89,24.93,129400.0,140300.0,0,0
1.0,1.0,1.0,,Welcome to the RITC 2026 Liquidity Risk Case - practice server,Good Luck!,105,2026-02-01 10:14:17.917142,RITC,10.02,10.02,10.05,199800.0,198500.0,0,0
,,,,,,105,2026-02-01 10:14:17.917142,COMP,24.93,24.89,24.93,129400.0,140900.0,0,0
1.0,1.0,1.0,,Welcome to the RITC 2026 Liquidity Risk Case - practice server,Good Luck!,106,2026-02-01 10:14:18.941386,RITC,10.02,10.02,10.03,198100.0,201300.0,0,0
,,,,,,106,2026-02-01 10:14:18.941386,COMP,24.93,24.89,24.93,137200.0,140900.0,0,0
1.0,1.0,1.0,,Welcome to the RITC 2026 Liquidity Risk Case - practice server,Good Luck!,107,2026-02-01 10:14:19.956870,RITC,10.02,10.02,10.03,198400.0,202600.0,0,0
,,,,,,107,2026-02-01 10:14:19.956870,COMP,24.93,24.89,24.93,135800.0,139900.0,0,0
1.0,1.0,1.0,,Welcome to the RITC 2026 Liquidity Risk Case - practice server,Good Luck!,108,2026-02-01 10:14:20.978037,RITC,10.01,10.01,10.03,198100.0,202600.0,0,0
,,,,,,108,2026-02-01 10:14:20.978037,COMP,24.89,24.88,24.89,128800.0,138900.0,0,0
1.0,1.0,1.0,,Welcome to the RITC 2026 Liquidity Risk Case - practice server,Good Luck!,109,2026-02-01 10:14:21.987007,RITC,10.01,10.01,10.03,198100.0,204100.0,0,0
,,,,,,109,2026-02-01 10:14:21.987007,COMP,24.89,24.88,24.89,128800.0,138900.0,0,0
1.0,1.0,1.0,,Welcome to the RITC 2026 Liquidity Risk Case - practice server,Good Luck!,110,2026-02-01 10:14:23.015101,RITC,10.01,10.01,10.03,197500.0,204100.0,0,0
,,,,,,110,2026-02-01 10:14:23.015101,COMP,24.93,24.88,24.93,134600.0,139900.0,0,0
1.0,1.0,1.0,,Welcome to the RITC 2026 Liquidity Risk Case - practice server,Good Luck!,111,2026-02-01 10:14:24.037174,RITC,10.03,10.02,10.03,198800.0,201400.0,0,0
,,,,,,111,2026-02-01 10:14:24.037174,COMP,24.93,24.88,24.93,134800.0,139900.0,0,0
1.0,1.0,1.0,,Welcome to the RITC 2026 Liquidity Risk Case - practice server,Good Luck!,112,2026-02-01 10:14:25.066788,RITC,10.03,10.04,10.05,199600.0,200300.0,0,0
,,,,,,112,2026-02-01 10:14:25.066788,COMP,24.93,24.9,24.93,134300.0,140300.0,0,0
1.0,1.0,1.0,,Welcome to the RITC 2026 Liquidity Risk Case - practice server,Good Luck!,113,2026-02-01 10:14:26.086754,RITC,10.05,10.02,10.05,198800.0,199800.0,0,0
,,,,,,113,2026-02-01 10:14:26.086754,COMP,24.9,24.9,24.93,134300.0,140300.0,0,0
1.0,1.0,1.0,,Welcome to the RITC 2026 Liquidity Risk Case - practice server,Good Luck!,114,2026-02-01 10:14:27.106897,RITC,10.05,10.03,10.04,197800.0,201500.0,0,0
,,,,,,114,2026-02-01 10:14:27.106897,COMP,24.9,24.92,24.93,135300.0,141000.0,0,0
1.0,1.0,1.0,,Welcome to the RITC 2026 Liquidity Risk Case - practice server,Good Luck!,115,2026-02-01 10:14:28.137125,RITC,10.05,10.03,10.05,198300.0,199800.0,0,0
,,,,,,115,2026-02-01 10:14:28.137125,COMP,24.92,24.92,24.93,135300.0,141000.0,0,0
1.0,1.0,1.0,,Welcome to the RITC 2026 Liquidity Risk Case - practice server,Good Luck!,116,2026-02-01 10:14:29.166913,RITC,10.05,10.04,10.05,200600.0,199800.0,0,0
,,,,,,116,2026-02-01 10:14:29.166913,COMP,24.93,24.92,24.93,135300.0,140600.0,0,0
1.0,1.0,1.0,,Welcome to the RITC 2026 Liquidity Risk Case - practice server,Good Luck!,117,2026-02-01 10:14:30.179012,RITC,10.05,10.04,10.05,201400.0,199800.0,0,0
,,,,,,117,2026-02-01 10:14:30.179012,COMP,24.94,24.92,24.94,135300.0,140000.0,0,0
1.0,1.0,1.0,,Welcome to the RITC 2026 Liquidity Risk Case - practice server,Good Luck!,118,2026-02-01 10:14:31.197153,RITC,10.05,10.04,10.05,201500.0,201300.0,0,0
,,,,,,118,2026-02-01 10:14:31.197153,COMP,24.9,24.88,24.9,133700.0,139500.0,0,0
1.0,1.0,1.0,,Welcome to the RITC 2026 Liquidity Risk Case - practice server,Good Luck!,119,2026-02-01 10:14:32.206777,RITC,10.05,10.04,10.05,201700.0,199300.0,0,0
,,,,,,119,2026-02-01 10:14:32.206777,COMP,24.9,24.9,24.94,134800.0,141000.0,0,0
1.0,1.0,1.0,,Welcome to the RITC 2026 Liquidity Risk Case - practice server,Good Luck!,120,2026-02-01 10:14:33.230924,RITC,10.04,10.04,10.05,199800.0,199300.0,0,0
,,,,,,120,2026-02-01 10:14:33.230924,COMP,24.9,24.9,24.94,133200.0,140100.0,0,0
1.0,1.0,1.0,,Welcome to the RITC 2026 Liquidity Risk Case - practice server,Good Luck!,121,2026-02-01 10:14:34.237144,RITC,10.04,10.04,10.05,199800.0,196900.0,0,0
,,,,,,121,2026-02-01 10:14:34.237144,COMP,24.9,24.93,24.94,133400.0,140100.0,0,0
1.0,1.0,1.0,,Welcome to the RITC 2026 Liquidity Risk Case - practice server,Good Luck!,122,2026-02-01 10:14:35.256728,RITC,10.04,10.03,10.04,199700.0,197000.0,0,0
,,,,,,122,2026-02-01 10:14:35.256728,COMP,24.9,24.93,24.94,134200.0,139000.0,0,0
1.0,1.0,1.0,,Welcome to the RITC 2026 Liquidity Risk Case - practice server,Good Luck!,123,2026-02-01 10:14:36.282383,RITC,10.03,10.03,10.04,199700.0,197000.0,0,0
,,,,,,123,2026-02-01 10:14:36.282383,COMP,24.9,24.93,24.94,134200.0,139300.0,0,0
1.0,1.0,1.0,,Welcome to the RITC 2026 Liquidity Risk Case - practice server,Good Luck!,124,2026-02-01 10:14:37.301550,RITC,10.03,10.03,10.04,199700.0,197000.0,0,0
,,,,,,124,2026-02-01 10:14:37.301550,COMP,24.9,24.93,24.94,134200.0,139300.0,0,0
1.0,1.0,1.0,,Welcome to the RITC 2026 Liquidity Risk Case - practice server,Good Luck!,125,2026-02-01 10:14:38.329586,RITC,10.03,10.03,10.04,199700.0,199100.0,0,0
,,,,,,125,2026-02-01 10:14:38.329586,COMP,24.9,24.9,24.94,134100.0,139300.0,0,0
1.0,1.0,1.0,,Welcome to the RITC 2026 Liquidity Risk Case - practice server,Good Luck!,126,2026-02-01 10:14:39.353259,RITC,10.01,10.01,10.04,199500.0,199100.0,0,0
,,,,,,126,2026-02-01 10:14:39.353259,COMP,24.9,24.88,24.9,132400.0,140300.0,0,0
1.0,1.0,1.0,,Welcome to the RITC 2026 Liquidity Risk Case - practice server,Good Luck!,127,2026-02-01 10:14:40.376432,RITC,10.01,10.01,10.03,200800.0,198700.0,0,0
,,,,,,127,2026-02-01 10:14:40.376432,COMP,24.88,24.88,24.9,134600.0,140300.0,0,0
1.0,1.0,1.0,,Welcome to the RITC 2026 Liquidity Risk Case - practice server,Good Luck!,128,2026-02-01 10:14:41.401531,RITC,10.01,10.01,10.02,200800.0,196800.0,0,0
,,,,,,128,2026-02-01 10:14:41.401531,COMP,24.88,24.88,24.89,134600.0,138600.0,0,0
1.0,1.0,1.0,,Welcome to the RITC 2026 Liquidity Risk Case - practice server,Good Luck!,129,2026-02-01 10:14:42.437603,RITC,10.0,10.0,10.01,198100.0,197000.0,0,0
,,,,,,129,2026-02-01 10:14:42.437603,COMP,24.9,24.88,24.9,134800.0,140300.0,0,0
1.0,1.0,1.0,,Welcome to the RITC 2026 Liquidity Risk Case - practice server,Good Luck!,130,2026-02-01 10:14:43.476059,RITC,10.0,10.0,10.01,198100.0,193900.0,0,0
,,,,,,130,2026-02-01 10:14:43.476059,COMP,24.94,24.88,24.94,135900.0,139800.0,0,0
1.0,1.0,1.0,,Welcome to the RITC 2026 Liquidity Risk Case - practice server,Good Luck!,131,2026-02-01 10:14:44.496608,RITC,10.0,10.0,10.01,198100.0,194900.0,0,0
,,,,,,131,2026-02-01 10:14:44.496608,COMP,24.94,24.89,24.94,137000.0,139800.0,0,0
1.0,1.0,1.0,,Welcome to the RITC 2026 Liquidity Risk Case - practice server,Good Luck!,132,2026-02-01 10:14:45.506844,RITC,10.0,10.0,10.01,197400.0,195000.0,0,0
,,,,,,132,2026-02-01 10:14:45.506844,COMP,24.89,24.89,24.94,137400.0,139800.0,0,0
1.0,1.0,1.0,,Welcome to the RITC 2026 Liquidity Risk Case - practice server,Good Luck!,133,2026-02-01 10:14:46.519718,RITC,10.01,10.0,10.01,197400.0,195500.0,0,0
,,,,,,133,2026-02-01 10:14:46.519718,COMP,24.94,24.89,24.94,137400.0,138400.0,0,0
1.0,1.0,1.0,,Welcome to the RITC 2026 Liquidity Risk Case - practice server,Good Luck!,134,2026-02-01 10:14:47.538327,RITC,10.01,10.0,10.01,197200.0,195500.0,0,0
,,,,,,134,2026-02-01 10:14:47.538327,COMP,24.94,24.88,24.94,135000.0,138400.0,0,0
1.0,1.0,1.0,,Welcome to the RITC 2026 Liquidity Risk Case - practice server,Good Luck!,135,2026-02-01 10:14:48.561878,RITC,9.99,9.99,10.0,199000.0,195500.0,0,0
,,,,,,135,2026-02-01 10:14:48.561878,COMP,24.94,24.88,24.89,135000.0,142100.0,0,0
1.0,1.0,1.0,,Welcome to the RITC 2026 Liquidity Risk Case - practice server,Good Luck!,136,2026-02-01 10:14:49.566732,RITC,9.99,9.99,10.0,198900.0,195500.0,0,0
,,,,,,136,2026-02-01 10:14:49.566732,COMP,24.94,24.88,24.89,135000.0,142900.0,0,0
1.0,1.0,1.0,,Welcome to the RITC 2026 Liquidity Risk Case - practice server,Good Luck!,137,2026-02-01 10:14:50.596758,RITC,9.99,9.99,10.0,197800.0,197600.0,0,0
,,,,,,137,2026-02-01 10:14:50.596758,COMP,24.88,24.87,24.88,134300.0,141400.0,0,0
1.0,1.0,1.0,,Welcome to the RITC 2026 Liquidity Risk Case - practice server,Good Luck!,138,2026-02-01 10:14:51.616581,RITC,10.0,9.99,10.0,197800.0,200800.0,0,0
,,,,,,138,2026-02-01 10:14:51.616581,COMP,24.88,24.87,24.88,134300.0,143000.0,0,0
1.0,1.0,1.0,,Welcome to the RITC 2026 Liquidity Risk Case - practice server,Good Luck!,139,2026-02-01 10:14:52.626749,RITC,9.99,9.99,10.0,202300.0,200800.0,0,0
,,,,,,139,2026-02-01 10:14:52.626749,COMP,24.88,24.87,24.88,134300.0,145700.0,0,0
1.0,1.0,1.0,,Welcome to the RITC 2026 Liquidity Risk Case - practice server,Good Luck!,140,2026-02-01 10:14:53.646743,RITC,9.99,9.99,10.0,204200.0,201200.0,0,0
,,,,,,140,2026-02-01 10:14:53.646743,COMP,24.88,24.87,24.88,135200.0,145700.0,0,0
1.0,1.0,1.0,,Welcome to the RITC 2026 Liquidity Risk Case - practice server,Good Luck!,141,2026-02-01 10:14:54.666922,RITC,9.99,9.99,10.0,201100.0,198600.0,0,0
,,,,,,141,2026-02-01 10:14:54.666922,COMP,24.89,24.87,24.89,134200.0,145000.0,0,0
1.0,1.0,1.0,,Welcome to the RITC 2026 Liquidity Risk Case - practice server,Good Luck!,142,2026-02-01 10:14:55.682095,RITC,9.98,9.98,10.0,197200.0,198600.0,0,0
,,,,,,142,2026-02-01 10:14:55.682095,COMP,24.89,24.87,24.89,135800.0,145000.0,0,0
1.0,1.0,1.0,,Welcome to the RITC 2026 Liquidity Risk Case - practice server,Good Luck!,143,2026-02-01 10:14:56.689971,RITC,9.98,9.98,9.99,197200.0,196900.0,0,0
,,,,,,143,2026-02-01 10:14:56.689971,COMP,24.87,24.87,24.89,135800.0,145000.0,0,0
1.0,1.0,1.0,,Welcome to the RITC 2026 Liquidity Risk Case - practice server,Good Luck!,144,2026-02-01 10:14:57.706794,RITC,9.98,9.97,9.98,195800.0,201100.0,0,0
,,,,,,144,2026-02-01 10:14:57.706794,COMP,24.86,24.86,24.89,134400.0,145000.0,0,0
1.0,1.0,1.0,,Welcome to the RITC 2026 Liquidity Risk Case - practice server,Good Luck!,145,2026-02-01 10:14:58.726515,RITC,9.97,9.97,9.98,195800.0,200400.0,0,0
,,,,,,145,2026-02-01 10:14:58.726515,COMP,24.86,24.87,24.89,134200.0,145000.0,0,0
1.0,1.0,1.0,,Welcome to the RITC 2026 Liquidity Risk Case - practice server,Good Luck!,146,2026-02-01 10:14:59.736908,RITC,9.97,9.97,9.98,195900.0,198600.0,0,0
,,,,,,146,2026-02-01 10:14:59.736908,COMP,24.86,24.87,24.89,134400.0,144900.0,0,0
1.0,1.0,1.0,,Welcome to the RITC 2026 Liquidity Risk Case - practice server,Good Luck!,147,2026-02-01 10:15:00.756625,RITC,9.98,9.97,9.98,195900.0,198600.0,0,0
,,,,,,147,2026-02-01 10:15:00.756625,COMP,24.86,24.87,24.89,134100.0,144900.0,0,0
1.0,1.0,1.0,,Welcome to the RITC 2026 Liquidity Risk Case - practice server,Good Luck!,148,2026-02-01 10:15:01.776659,RITC,9.98,9.97,9.98,195900.0,200300.0,0,0
,,,,,,148,2026-02-01 10:15:01.776659,COMP,24.89,24.87,24.89,134100.0,142800.0,0,0
1.0,1.0,1.0,,Welcome to the RITC 2026 Liquidity Risk Case - practice server,Good Luck!,149,2026-02-01 10:15:02.796711,RITC,9.97,9.97,9.98,196000.0,200300.0,0,0
,,,,,,149,2026-02-01 10:15:02.796711,COMP,24.89,24.87,24.89,133900.0,142800.0,0,0
1.0,1.0,1.0,,Welcome to the RITC 2026 Liquidity Risk Case - practice server,Good Luck!,150,2026-02-01 10:15:03.816751,RITC,9.96,9.96,9.98,195500.0,199000.0,0,0
,,,,,,150,2026-02-01 10:15:03.816751,COMP,24.87,24.87,24.89,135400.0,142800.0,0,0
1.0,1.0,1.0,,Welcome to the RITC 2026 Liquidity Risk Case - practice server,Good Luck!,151,2026-02-01 10:15:04.850871,RITC,9.96,9.96,9.98,199500.0,199000.0,0,0
,,,,,,151,2026-02-01 10:15:04.850871,COMP,24.87,24.87,24.89,135400.0,142800.0,0,0
1.0,1.0,1.0,,Welcome to the RITC 2026 Liquidity Risk Case - practice server,Good Luck!,152,2026-02-01 10:15:05.876794,RITC,9.96,9.96,9.97,199500.0,203700.0,0,0
,,,,,,152,2026-02-01 10:15:05.876794,COMP,24.87,24.87,24.89,134900.0,142800.0,0,0
1.0,1.0,1.0,,Welcome to the RITC 2026 Liquidity Risk Case - practice server,Good Luck!,153,2026-02-01 10:15:06.904856,RITC,9.96,9.96,9.97,199500.0,205700.0,0,0
,,,,,,153,2026-02-01 10:15:06.904856,COMP,24.87,24.87,24.89,134900.0,142800.0,0,0
1.0,1.0,1.0,,Welcome to the RITC 2026 Liquidity Risk Case - practice server,Good Luck!,154,2026-02-01 10:15:07.921801,RITC,9.94,9.94,9.95,198300.0,205400.0,0,0
,,,,,,154,2026-02-01 10:15:07.921801,COMP,24.9,24.87,24.9,135900.0,142200.0,0,0
1.0,1.0,1.0,,Welcome to the RITC 2026 Liquidity Risk Case - practice server,Good Luck!,158,2026-02-01 10:15:31.812691,RITC,9.91,9.91,9.92,136900.0,195400.0,0,0
,,,,,,158,2026-02-01 10:15:31.812691,COMP,24.98,24.97,24.98,140900.0,144700.0,0,0
1.0,1.0,1.0,,Welcome to the RITC 2026 Liquidity Risk Case - practice server,Good Luck!,195,2026-02-01 10:15:48.550216,RITC,9.85,9.84,9.85,145700.0,194700.0,0,0
,,,,,,195,2026-02-01 10:15:48.550216,COMP,25.0,24.99,25.0,140800.0,144700.0,0,0
1.0,1.0,1.0,,Welcome to the RITC 2026 Liquidity Risk Case - practice server,Good Luck!,196,2026-02-01 10:15:49.582635,RITC,9.85,9.84,9.85,156200.0,196000.0,0,0
,,,,,,196,2026-02-01 10:15:49.582635,COMP,25.0,24.99,25.0,139400.0,144700.0,0,0
1.0,1.0,1.0,,Welcome to the RITC 2026 Liquidity Risk Case - practice server,Good Luck!,197,2026-02-01 10:15:50.612645,RITC,9.85,9.85,9.86,158200.0,196900.0,0,0
,,,,,,197,2026-02-01 10:15:50.612645,COMP,25.01,24.99,25.01,139400.0,144200.0,0,0
1.0,1.0,1.0,,Welcome to the RITC 2026 Liquidity Risk Case - practice server,Good Luck!,198,2026-02-01 10:15:51.644188,RITC,9.86,9.86,9.87,168400.0,199500.0,0,0
,,,,,,198,2026-02-01 10:15:51.644188,COMP,25.01,24.99,25.01,138200.0,144200.0,0,0
1.0,1.0,1.0,,Welcome to the RITC 2026 Liquidity Risk Case - practice server,Good Luck!,199,2026-02-01 10:15:52.672662,RITC,9.87,9.86,9.87,180200.0,199700.0,0,0
,,,,,,199,2026-02-01 10:15:52.672662,COMP,25.03,24.99,25.03,138200.0,143300.0,0,0
1.0,1.0,1.0,,Welcome to the RITC 2026 Liquidity Risk Case - practice server,Good Luck!,200,2026-02-01 10:15:53.695436,RITC,9.86,9.85,9.86,170000.0,194600.0,0,0
,,,,,,200,2026-02-01 10:15:53.695436,COMP,25.03,25.03,25.04,139400.0,141600.0,0,0
1.0,1.0,1.0,,Welcome to the RITC 2026 Liquidity Risk Case - practice server,Good Luck!,201,2026-02-01 10:15:54.717394,RITC,9.85,9.85,9.86,170500.0,194600.0,0,0
,,,,,,201,2026-02-01 10:15:54.717394,COMP,25.03,25.03,25.04,140100.0,141600.0,0,0
1.0,1.0,1.0,,Welcome to the RITC 2026 Liquidity Risk Case - practice server,Good Luck!,202,2026-02-01 10:15:55.736793,RITC,9.87,9.85,9.87,191500.0,198400.0,0,0
,,,,,,202,2026-02-01 10:15:55.736793,COMP,25.06,25.03,25.06,140100.0,138600.0,0,0
1.0,1.0,1.0,,Welcome to the RITC 2026 Liquidity Risk Case - practice server,Good Luck!,203,2026-02-01 10:15:56.764025,RITC,9.87,9.85,9.87,191500.0,194600.0,0,0
,,,,,,203,2026-02-01 10:15:56.764025,COMP,25.06,25.03,25.06,141300.0,138600.0,0,0
1.0,1.0,1.0,,Welcome to the RITC 2026 Liquidity Risk Case - practice server,Good Luck!,204,2026-02-01 10:15:57.795718,RITC,9.85,9.85,9.87,191500.0,192500.0,0,0
,,,,,,204,2026-02-01 10:15:57.795718,COMP,25.06,25.03,25.06,139400.0,138600.0,0,0
1.0,1.0,1.0,,Welcome to the RITC 2026 Liquidity Risk Case - practice server,Good Luck!,205,2026-02-01 10:15:58.820315,RITC,9.85,9.85,9.86,191500.0,195600.0,0,0
,,,,,,205,2026-02-01 10:15:58.820315,COMP,25.06,25.03,25.06,138300.0,138600.0,0,0
1.0,1.0,1.0,,Welcome to the RITC 2026 Liquidity Risk Case - practice server,Good Luck!,206,2026-02-01 10:15:59.842801,RITC,9.85,9.85,9.86,211600.0,195600.0,0,0
,,,,,,206,2026-02-01 10:15:59.842801,COMP,25.06,25.03,25.06,137700.0,140400.0,0,0
1.0,1.0,1.0,,Welcome to the RITC 2026 Liquidity Risk Case - practice server,Good Luck!,207,2026-02-01 10:16:00.861682,RITC,9.85,9.85,9.86,209200.0,195600.0,0,0
,,,,,,207,2026-02-01 10:16:00.861682,COMP,25.07,25.03,25.07,137700.0,140800.0,0,0
1.0,1.0,1.0,,Welcome to the RITC 2026 Liquidity Risk Case - practice server,Good Luck!,208,2026-02-01 10:16:01.892598,RITC,9.85,9.85,9.86,207300.0,195600.0,0,0
,,,,,,208,2026-02-01 10:16:01.892598,COMP,25.07,25.05,25.07,139900.0,140800.0,0,0
1.0,1.0,1.0,,Welcome to the RITC 2026 Liquidity Risk Case - practice server,Good Luck!,209,2026-02-01 10:16:02.915379,RITC,9.87,9.85,9.87,207300.0,190700.0,0,0
,,,,,,209,2026-02-01 10:16:02.915379,COMP,25.07,25.05,25.07,138100.0,140800.0,0,0
1.0,1.0,1.0,,Welcome to the RITC 2026 Liquidity Risk Case - practice server,Good Luck!,210,2026-02-01 10:16:03.932639,RITC,9.88,9.84,9.88,208800.0,189600.0,0,0
,,,,,,210,2026-02-01 10:16:03.932639,COMP,25.07,25.06,25.07,138200.0,140800.0,0,0
1.0,1.0,1.0,,Welcome to the RITC 2026 Liquidity Risk Case - practice server,Good Luck!,211,2026-02-01 10:16:04.952616,RITC,9.88,9.84,9.85,208800.0,194200.0,0,0
,,,,,,211,2026-02-01 10:16:04.952616,COMP,25.07,25.06,25.07,138200.0,140900.0,0,0
1.0,1.0,1.0,,Welcome to the RITC 2026 Liquidity Risk Case - practice server,Good Luck!,212,2026-02-01 10:16:05.976892,RITC,9.85,9.84,9.88,208800.0,194600.0,0,0
,,,,,,212,2026-02-01 10:16:05.976892,COMP,25.07,25.06,25.07,138200.0,140600.0,0,0
1.0,1.0,1.0,,Welcome to the RITC 2026 Liquidity Risk Case - practice server,Good Luck!,213,2026-02-01 10:16:07.002702,RITC,9.83,9.83,9.84,190100.0,193000.0,0,0
,,,,,,213,2026-02-01 10:16:07.002702,COMP,25.07,25.06,25.07,139300.0,140600.0,0,0
1.0,1.0,1.0,,Welcome to the RITC 2026 Liquidity Risk Case - practice server,Good Luck!,214,2026-02-01 10:16:08.032294,RITC,9.84,9.87,9.88,211100.0,194600.0,0,0
,,,,,,214,2026-02-01 10:16:08.032294,COMP,25.07,25.06,25.07,138000.0,140600.0,0,0
1.0,1.0,1.0,,Welcome to the RITC 2026 Liquidity Risk Case - practice server,Good Luck!,215,2026-02-01 10:16:09.057578,RITC,9.88,9.87,9.88,211100.0,197400.0,0,0
,,,,,,215,2026-02-01 10:16:09.057578,COMP,25.07,25.06,25.07,140100.0,140600.0,0,0
1.0,1.0,1.0,,Welcome to the RITC 2026 Liquidity Risk Case - practice server,Good Luck!,216,2026-02-01 10:16:10.088654,RITC,9.88,9.88,9.89,207400.0,197200.0,0,0
,,,,,,216,2026-02-01 10:16:10.088654,COMP,25.08,25.06,25.08,140100.0,140100.0,0,0
1.0,1.0,1.0,,Welcome to the RITC 2026 Liquidity Risk Case - practice server,Good Luck!,217,2026-02-01 10:16:11.112668,RITC,9.89,9.9,9.91,203600.0,195800.0,0,0
,,,,,,217,2026-02-01 10:16:11.112668,COMP,25.08,25.06,25.08,139400.0,140100.0,0,0
1.0,1.0,1.0,,Welcome to the RITC 2026 Liquidity Risk Case - practice server,Good Luck!,218,2026-02-01 10:16:12.145550,RITC,9.9,9.88,9.89,205500.0,197100.0,0,0
,,,,,,218,2026-02-01 10:16:12.145550,COMP,25.08,25.06,25.08,138700.0,140100.0,0,0
1.0,1.0,1.0,,Welcome to the RITC 2026 Liquidity Risk Case - practice server,Good Luck!,219,2026-02-01 10:16:13.170044,RITC,9.87,9.87,9.88,209800.0,197100.0,0,0
,,,,,,219,2026-02-01 10:16:13.170044,COMP,25.09,25.06,25.09,138700.0,140200.0,0,0
1.0,1.0,1.0,,Welcome to the RITC 2026 Liquidity Risk Case - practice server,Good Luck!,220,2026-02-01 10:16:14.192815,RITC,9.88,9.87,9.88,209800.0,195000.0,0,0
,,,,,,220,2026-02-01 10:16:14.192815,COMP,25.1,25.06,25.1,138000.0,139100.0,0,0
1.0,1.0,1.0,,Welcome to the RITC 2026 Liquidity Risk Case - practice server,Good Luck!,221,2026-02-01 10:16:15.216694,RITC,9.87,9.85,9.87,211300.0,189300.0,0,0
,,,,,,221,2026-02-01 10:16:15.216694,COMP,25.1,25.06,25.1,138000.0,139100.0,0,0
1.0,1.0,1.0,,Welcome to the RITC 2026 Liquidity Risk Case - practice server,Good Luck!,222,2026-02-01 10:16:16.240590,RITC,9.83,9.83,9.85,199700.0,190800.0,0,0
,,,,,,222,2026-02-01 10:16:16.240590,COMP,25.1,25.06,25.1,137600.0,139100.0,0,0
1.0,1.0,1.0,,Welcome to the RITC 2026 Liquidity Risk Case - practice server,Good Luck!,223,2026-02-01 10:16:17.269576,RITC,9.83,9.83,9.85,178900.0,191200.0,0,0
,,,,,,223,2026-02-01 10:16:17.269576,COMP,25.1,25.07,25.1,136500.0,137700.0,0,0
1.0,1.0,1.0,,Welcome to the RITC 2026 Liquidity Risk Case - practice server,Good Luck!,224,2026-02-01 10:16:18.302201,RITC,9.83,9.82,9.83,168900.0,191700.0,0,0
,,,,,,224,2026-02-01 10:16:18.302201,COMP,25.1,25.08,25.1,138400.0,137700.0,0,0
1.0,1.0,1.0,,Welcome to the RITC 2026 Liquidity Risk Case - practice server,Good Luck!,225,2026-02-01 10:16:19.328725,RITC,9.83,9.82,9.83,168900.0,192400.0,0,0
,,,,,,225,2026-02-01 10:16:19.328725,COMP,25.1,25.08,25.1,137900.0,137600.0,0,0
1.0,1.0,1.0,,Welcome to the RITC 2026 Liquidity Risk Case - practice server,Good Luck!,226,2026-02-01 10:16:20.356522,RITC,9.83,9.82,9.83,168900.0,192400.0,0,0
,,,,,,226,2026-02-01 10:16:20.356522,COMP,25.11,25.08,25.11,137900.0,138000.0,0,0
1.0,1.0,1.0,,Welcome to the RITC 2026 Liquidity Risk Case - practice server,Good Luck!,227,2026-02-01 10:16:21.372340,RITC,9.83,9.82,9.83,168900.0,192700.0,0,0
,,,,,,227,2026-02-01 10:16:21.372340,COMP,25.11,25.08,25.11,137700.0,138000.0,0,0
1.0,1.0,1.0,,Welcome to the RITC 2026 Liquidity Risk Case - practice server,Good Luck!,228,2026-02-01 10:16:22.382476,RITC,9.81,9.81,9.83,158500.0,194800.0,0,0
,,,,,,228,2026-02-01 10:16:22.382476,COMP,25.12,25.08,25.12,137700.0,131000.0,0,0
1.0,1.0,1.0,,Welcome to the RITC 2026 Liquidity Risk Case - practice server,Good Luck!,229,2026-02-01 10:16:23.402972,RITC,9.81,9.79,9.81,148400.0,196900.0,0,0
,,,,,,229,2026-02-01 10:16:23.402972,COMP,25.12,25.08,25.12,137700.0,123500.0,0,0
1.0,1.0,1.0,,Welcome to the RITC 2026 Liquidity Risk Case - practice server,Good Luck!,230,2026-02-01 10:16:24.422877,RITC,9.8,9.79,9.8,148400.0,198500.0,0,0
,,,,,,230,2026-02-01 10:16:24.422877,COMP,25.12,25.08,25.12,140200.0,123500.0,0,0
1.0,1.0,1.0,,Welcome to the RITC 2026 Liquidity Risk Case - practice server,Good Luck!,232,2026-02-01 10:16:25.455791,RITC,9.79,9.79,9.8,137300.0,200500.0,0,0
,,,,,,232,2026-02-01 10:16:25.455791,COMP,25.12,25.11,25.12,140900.0,123500.0,0,0
1.0,1.0,1.0,,Welcome to the RITC 2026 Liquidity Risk Case - practice server,Good Luck!,233,2026-02-01 10:16:26.472754,RITC,9.79,9.77,9.78,125500.0,204400.0,0,0
,,,,,,233,2026-02-01 10:16:26.472754,COMP,25.12,25.11,25.12,139400.0,123500.0,0,0
1.0,1.0,1.0,,Welcome to the RITC 2026 Liquidity Risk Case - practice server,Good Luck!,234,2026-02-01 10:16:27.486020,RITC,9.77,9.77,9.78,125500.0,204700.0,0,0
,,,,,,234,2026-02-01 10:16:27.486020,COMP,25.12,25.11,25.12,139400.0,115900.0,0,0
1.0,1.0,1.0,,Welcome to the RITC 2026 Liquidity Risk Case - practice server,Good Luck!,235,2026-02-01 10:16:28.502825,RITC,9.77,9.77,9.78,125500.0,204700.0,0,0
,,,,,,235,2026-02-01 10:16:28.502825,COMP,25.12,25.13,25.18,140100.0,108900.0,0,0
1.0,1.0,1.0,,Welcome to the RITC 2026 Liquidity Risk Case - practice server,Good Luck!,236,2026-02-01 10:16:29.533123,RITC,9.76,9.76,9.78,113400.0,202500.0,0,0
,,,,,,236,2026-02-01 10:16:29.533123,COMP,25.18,25.13,25.18,138700.0,108900.0,0,0
1.0,1.0,1.0,,Welcome to the RITC 2026 Liquidity Risk Case - practice server,Good Luck!,237,2026-02-01 10:16:30.552855,RITC,9.76,9.76,9.78,113400.0,202000.0,0,0
,,,,,,237,2026-02-01 10:16:30.552855,COMP,25.18,25.13,25.18,137700.0,108900.0,0,0
1.0,1.0,1.0,,Welcome to the RITC 2026 Liquidity Risk Case - practice server,Good Luck!,238,2026-02-01 10:16:31.566378,RITC,9.74,9.74,9.78,102600.0,204000.0,0,0
,,,,,,238,2026-02-01 10:16:31.566378,COMP,25.19,25.13,25.19,137700.0,95600.0,0,0
1.0,1.0,1.0,,Welcome to the RITC 2026 Liquidity Risk Case - practice server,Good Luck!,239,2026-02-01 10:16:32.597457,RITC,9.74,9.74,9.76,102600.0,204000.0,0,0
,,,,,,239,2026-02-01 10:16:32.597457,COMP,25.19,25.13,25.19,136500.0,95600.0,0,0
1.0,1.0,1.0,,Welcome to the RITC 2026 Liquidity Risk Case - practice server,Good Luck!,240,2026-02-01 10:16:33.626107,RITC,9.73,9.71,9.73,104500.0,203400.0,0,0
,,,,,,240,2026-02-01 10:16:33.626107,COMP,25.2,25.13,25.2,136500.0,88600.0,0,0
1.0,1.0,1.0,,Welcome to the RITC 2026 Liquidity Risk Case - practice server,Good Luck!,241,2026-02-01 10:16:34.643833,RITC,9.7,9.7,9.71,106800.0,204700.0,0,0
,,,,,,241,2026-02-01 10:16:34.643833,COMP,25.2,25.19,25.2,134900.0,82600.0,0,0
1.0,1.0,1.0,,Welcome to the RITC 2026 Liquidity Risk Case - practice server,Good Luck!,242,2026-02-01 10:16:35.662843,RITC,9.7,9.7,9.71,106800.0,204700.0,0,0
,,,,,,242,2026-02-01 10:16:35.662843,COMP,25.2,25.21,25.26,134700.0,75400.0,0,0
1.0,1.0,1.0,,Welcome to the RITC 2026 Liquidity Risk Case - practice server,Good Luck!,243,2026-02-01 10:16:36.691294,RITC,9.7,9.7,9.71,106800.0,205500.0,0,0
,,,,,,243,2026-02-01 10:16:36.691294,COMP,25.26,25.21,25.26,134700.0,75400.0,0,0
1.0,1.0,1.0,,Welcome to the RITC 2026 Liquidity Risk Case - practice server,Good Luck!,244,2026-02-01 10:16:37.703026,RITC,9.7,9.68,9.7,104500.0,203300.0,0,0
,,,,,,244,2026-02-01 10:16:37.703026,COMP,25.26,25.21,25.26,134700.0,75400.0,0,0
1.0,1.0,1.0,,Welcome to the RITC 2026 Liquidity Risk Case - practice server,Good Luck!,245,2026-02-01 10:16:38.722901,RITC,9.7,9.68,9.7,104500.0,205000.0,0,0
,,,,,,245,2026-02-01 10:16:38.722901,COMP,25.27,25.21,25.27,134700.0,67800.0,0,0
1.0,1.0,1.0,,Welcome to the RITC 2026 Liquidity Risk Case - practice server,Good Luck!,246,2026-02-01 10:16:39.752461,RITC,9.7,9.68,9.7,104500.0,204000.0,0,0
,,,,,,246,2026-02-01 10:16:39.752461,COMP,25.29,25.21,25.29,135900.0,66000.0,0,0
1.0,1.0,1.0,,Welcome to the RITC 2026 Liquidity Risk Case - practice server,Good Luck!,247,2026-02-01 10:16:40.782963,RITC,9.67,9.67,9.7,104200.0,202500.0,0,0
,,,,,,247,2026-02-01 10:16:40.782963,COMP,25.29,25.28,25.29,135400.0,66000.0,0,0
1.0,1.0,1.0,,Welcome to the RITC 2026 Liquidity Risk Case - practice server,Good Luck!,248,2026-02-01 10:16:41.792828,RITC,9.67,9.67,9.7,104200.0,201500.0,0,0
,,,,,,248,2026-02-01 10:16:41.792828,COMP,25.29,25.28,25.29,137100.0,66000.0,0,0
1.0,1.0,1.0,,Welcome to the RITC 2026 Liquidity Risk Case - practice server,Good Luck!,249,2026-02-01 10:16:42.812774,RITC,9.7,9.67,9.7,104200.0,201500.0,0,0
,,,,,,249,2026-02-01 10:16:42.812774,COMP,25.33,25.28,25.33,137100.0,66800.0,0,0
1.0,1.0,1.0,,Welcome to the RITC 2026 Liquidity Risk Case - practice server,Good Luck!,250,2026-02-01 10:16:43.832844,RITC,9.67,9.67,9.7,108200.0,201100.0,0,0
,,,,,,250,2026-02-01 10:16:43.832844,COMP,25.33,25.28,25.33,133500.0,66800.0,0,0
1.0,1.0,1.0,,Welcome to the RITC 2026 Liquidity Risk Case - practice server,Good Luck!,251,2026-02-01 10:16:44.853002,RITC,9.7,9.7,9.71,129300.0,200700.0,0,0
,,,,,,251,2026-02-01 10:16:44.853002,COMP,25.33,25.33,25.35,134000.0,67300.0,0,0
1.0,1.0,1.0,,Welcome to the RITC 2026 Liquidity Risk Case - practice server,Good Luck!,252,2026-02-01 10:16:45.877932,RITC,9.68,9.68,9.71,117100.0,200700.0,0,0
,,,,,,252,2026-02-01 10:16:45.877932,COMP,25.33,25.33,25.35,133000.0,67300.0,0,0
1.0,1.0,1.0,,Welcome to the RITC 2026 Liquidity Risk Case - practice server,Good Luck!,253,2026-02-01 10:16:46.883097,RITC,9.68,9.68,9.7,127000.0,199900.0,0,0
,,,,,,253,2026-02-01 10:16:46.883097,COMP,25.35,25.38,25.39,134400.0,66700.0,0,0
1.0,1.0,1.0,,Welcome to the RITC 2026 Liquidity Risk Case - practice server,Good Luck!,254,2026-02-01 10:16:47.903165,RITC,9.68,9.68,9.7,138900.0,204000.0,0,0
,,,,,,254,2026-02-01 10:16:47.903165,COMP,25.35,25.38,25.39,134400.0,73300.0,0,0
1.0,1.0,1.0,,Welcome to the RITC 2026 Liquidity Risk Case - practice server,Good Luck!,255,2026-02-01 10:16:48.931210,RITC,9.71,9.68,9.71,138900.0,204300.0,0,0
,,,,,,255,2026-02-01 10:16:48.931210,COMP,25.38,25.33,25.35,133000.0,81100.0,0,0
1.0,1.0,1.0,,Welcome to the RITC 2026 Liquidity Risk Case - practice server,Good Luck!,256,2026-02-01 10:16:49.942657,RITC,9.71,9.68,9.71,148600.0,201400.0,0,0
,,,,,,256,2026-02-01 10:16:49.942657,COMP,25.35,25.37,25.39,134300.0,79300.0,0,0
1.0,1.0,1.0,,Welcome to the RITC 2026 Liquidity Risk Case - practice server,Good Luck!,257,2026-02-01 10:16:50.962922,RITC,9.71,9.68,9.71,161000.0,200300.0,0,0
,,,,,,257,2026-02-01 10:16:50.962922,COMP,25.4,25.37,25.4,134300.0,72800.0,0,0
1.0,1.0,1.0,,Welcome to the RITC 2026 Liquidity Risk Case - practice server,Good Luck!,258,2026-02-01 10:16:51.992534,RITC,9.71,9.7,9.71,172800.0,198300.0,0,0
,,,,,,258,2026-02-01 10:16:51.992534,COMP,25.4,25.38,25.4,132800.0,72800.0,0,0
1.0,1.0,1.0,,Welcome to the RITC 2026 Liquidity Risk Case - practice server,Good Luck!,259,2026-02-01 10:16:53.015992,RITC,9.72,9.7,9.72,172800.0,199200.0,0,0
,,,,,,259,2026-02-01 10:16:53.015992,COMP,25.42,25.38,25.42,132800.0,66200.0,0,0
1.0,1.0,1.0,,Welcome to the RITC 2026 Liquidity Risk Case - practice server,Good Luck!,260,2026-02-01 10:16:54.036122,RITC,9.74,9.74,9.76,184900.0,205700.0,0,0
,,,,,,260,2026-02-01 10:16:54.036122,COMP,25.42,25.38,25.42,134500.0,66200.0,0,0
1.0,1.0,1.0,,Welcome to the RITC 2026 Liquidity Risk Case - practice server,Good Luck!,261,2026-02-01 10:16:55.047566,RITC,9.74,9.74,9.76,184900.0,204600.0,0,0
,,,,,,261,2026-02-01 10:16:55.047566,COMP,25.42,25.38,25.42,134500.0,66200.0,0,0
1.0,1.0,1.0,,Welcome to the RITC 2026 Liquidity Risk Case - practice server,Good Luck!,262,2026-02-01 10:16:56.068557,RITC,9.76,9.76,9.78,196800.0,205500.0,0,0
,,,,,,262,2026-02-01 10:16:56.068557,COMP,25.44,25.49,25.53,134600.0,66000.0,0,0
1.0,1.0,1.0,,Welcome to the RITC 2026 Liquidity Risk Case - practice server,Good Luck!,263,2026-02-01 10:16:57.092742,RITC,9.78,9.76,9.78,196800.0,204800.0,0,0
,,,,,,263,2026-02-01 10:16:57.092742,COMP,25.44,25.49,25.53,134000.0,66000.0,0,0
1.0,1.0,1.0,,Welcome to the RITC 2026 Liquidity Risk Case - practice server,Good Luck!,264,2026-02-01 10:16:58.122405,RITC,9.78,9.76,9.78,196800.0,203400.0,0,0
,,,,,,264,2026-02-01 10:16:58.122405,COMP,25.44,25.49,25.53,136100.0,66000.0,0,0
1.0,1.0,1.0,,Welcome to the RITC 2026 Liquidity Risk Case - practice server,Good Luck!,265,2026-02-01 10:16:59.155606,RITC,9.74,9.74,9.75,184900.0,204400.0,0,0
,,,,,,265,2026-02-01 10:16:59.155606,COMP,25.44,25.49,25.52,136100.0,73100.0,0,0
1.0,1.0,1.0,,Welcome to the RITC 2026 Liquidity Risk Case - practice server,Good Luck!,266,2026-02-01 10:17:00.182771,RITC,9.74,9.74,9.75,196000.0,207500.0,0,0
,,,,,,266,2026-02-01 10:17:00.182771,COMP,25.52,25.51,25.52,136000.0,73100.0,0,0
1.0,1.0,1.0,,Welcome to the RITC 2026 Liquidity Risk Case - practice server,Good Luck!,267,2026-02-01 10:17:01.207604,RITC,9.73,9.7,9.72,172800.0,209000.0,0,0
,,,,,,267,2026-02-01 10:17:01.207604,COMP,25.53,25.51,25.53,136900.0,66000.0,0,0
1.0,1.0,1.0,,Welcome to the RITC 2026 Liquidity Risk Case - practice server,Good Luck!,268,2026-02-01 10:17:02.237313,RITC,9.67,9.67,9.72,152100.0,209000.0,0,0
,,,,,,268,2026-02-01 10:17:02.237313,COMP,25.53,25.57,25.59,137600.0,65400.0,0,0
1.0,1.0,1.0,,Welcome to the RITC 2026 Liquidity Risk Case - practice server,Good Luck!,269,2026-02-01 10:17:03.253084,RITC,9.67,9.67,9.7,142500.0,208200.0,0,0
,,,,,,269,2026-02-01 10:17:03.253084,COMP,25.61,25.57,25.61,138100.0,64700.0,0,0
1.0,1.0,1.0,,Welcome to the RITC 2026 Liquidity Risk Case - practice server,Good Luck!,270,2026-02-01 10:17:04.272630,RITC,9.66,9.66,9.68,130100.0,205500.0,0,0
,,,,,,270,2026-02-01 10:17:04.272630,COMP,25.61,25.57,25.61,138500.0,64700.0,0,0
1.0,1.0,1.0,,Welcome to the RITC 2026 Liquidity Risk Case - practice server,Good Luck!,271,2026-02-01 10:17:05.308462,RITC,9.66,9.66,9.7,119600.0,208200.0,0,0
,,,,,,271,2026-02-01 10:17:05.308462,COMP,25.54,25.54,25.68,137700.0,65000.0,0,0
1.0,1.0,1.0,,Welcome to the RITC 2026 Liquidity Risk Case - practice server,Good Luck!,272,2026-02-01 10:17:06.331458,RITC,9.66,9.66,9.68,119600.0,205700.0,0,0
,,,,,,272,2026-02-01 10:17:06.331458,COMP,25.54,25.64,25.68,138200.0,65000.0,0,0
1.0,1.0,1.0,,Welcome to the RITC 2026 Liquidity Risk Case - practice server,Good Luck!,273,2026-02-01 10:17:07.342678,RITC,9.66,9.66,9.68,119600.0,209300.0,0,0
,,,,,,273,2026-02-01 10:17:07.342678,COMP,25.68,25.68,25.75,137700.0,65100.0,0,0
1.0,1.0,1.0,,Welcome to the RITC 2026 Liquidity Risk Case - practice server,Good Luck!,274,2026-02-01 10:17:08.372473,RITC,9.66,9.66,9.67,119600.0,204000.0,0,0
,,,,,,274,2026-02-01 10:17:08.372473,COMP,25.64,25.64,25.75,136800.0,65100.0,0,0
1.0,1.0,1.0,,Welcome to the RITC 2026 Liquidity Risk Case - practice server,Good Luck!,275,2026-02-01 10:17:09.386946,RITC,9.66,9.64,9.65,109700.0,207400.0,0,0
,,,,,,275,2026-02-01 10:17:09.386946,COMP,25.64,25.64,25.68,136800.0,71400.0,0,0
1.0,1.0,1.0,,Welcome to the RITC 2026 Liquidity Risk Case - practice server,Good Luck!,276,2026-02-01 10:17:10.412526,RITC,9.64,9.64,9.65,109700.0,208700.0,0,0
,,,,,,276,2026-02-01 10:17:10.412526,COMP,25.64,25.64,25.68,138800.0,71400.0,0,0
1.0,1.0,1.0,,Welcome to the RITC 2026 Liquidity Risk Case - practice server,Good Luck!,277,2026-02-01 10:17:11.442643,RITC,9.64,9.61,9.62,110600.0,210300.0,0,0
,,,,,,277,2026-02-01 10:17:11.442643,COMP,25.64,25.64,25.68,139500.0,71400.0,0,0
1.0,1.0,1.0,,Welcome to the RITC 2026 Liquidity Risk Case - practice server,Good Luck!,278,2026-02-01 10:17:12.464560,RITC,9.61,9.61,9.62,110600.0,210800.0,0,0
,,,,,,278,2026-02-01 10:17:12.464560,COMP,25.74,25.64,25.71,139500.0,71900.0,0,0
1.0,1.0,1.0,,Welcome to the RITC 2026 Liquidity Risk Case - practice server,Good Luck!,279,2026-02-01 10:17:13.491591,RITC,9.61,9.61,9.62,110600.0,210100.0,0,0
,,,,,,279,2026-02-01 10:17:13.491591,COMP,25.64,25.64,25.71,138100.0,71900.0,0,0
1.0,1.0,1.0,,Welcome to the RITC 2026 Liquidity Risk Case - practice server,Good Luck!,280,2026-02-01 10:17:14.512474,RITC,9.61,9.61,9.62,120600.0,212700.0,0,0
,,,,,,280,2026-02-01 10:17:14.512474,COMP,25.64,25.67,25.71,139800.0,71900.0,0,0
1.0,1.0,1.0,,Welcome to the RITC 2026 Liquidity Risk Case - practice server,Good Luck!,281,2026-02-01 10:17:15.522775,RITC,9.62,9.61,9.62,130300.0,211500.0,0,0
,,,,,,281,2026-02-01 10:17:15.522775,COMP,25.67,25.67,25.71,139000.0,71900.0,0,0
1.0,1.0,1.0,,Welcome to the RITC 2026 Liquidity Risk Case - practice server,Good Luck!,282,2026-02-01 10:17:16.552587,RITC,9.61,9.61,9.62,107400.0,211500.0,0,0
,,,,,,282,2026-02-01 10:17:16.552587,COMP,25.71,25.67,25.75,138900.0,65100.0,0,0
1.0,1.0,1.0,,Welcome to the RITC 2026 Liquidity Risk Case - practice server,Good Luck!,283,2026-02-01 10:17:17.582674,RITC,9.62,9.61,9.62,107400.0,211300.0,0,0
,,,,,,283,2026-02-01 10:17:17.582674,COMP,25.71,25.68,25.75,140100.0,65100.0,0,0
1.0,1.0,1.0,,Welcome to the RITC 2026 Liquidity Risk Case - practice server,Good Luck!,284,2026-02-01 10:17:18.592789,RITC,9.61,9.61,9.62,105100.0,213300.0,0,0
,,,,,,284,2026-02-01 10:17:18.592789,COMP,25.75,25.68,25.75,140000.0,65100.0,0,0
1.0,1.0,1.0,,Welcome to the RITC 2026 Liquidity Risk Case - practice server,Good Luck!,285,2026-02-01 10:17:19.603978,RITC,9.61,9.61,9.62,113800.0,216700.0,0,0
,,,,,,285,2026-02-01 10:17:19.603978,COMP,25.75,25.72,25.75,139700.0,65100.0,0,0
1.0,1.0,1.0,,Welcome to the RITC 2026 Liquidity Risk Case - practice server,Good Luck!,286,2026-02-01 10:17:20.622460,RITC,9.61,9.58,9.6,104400.0,214000.0,0,0
,,,,,,286,2026-02-01 10:17:20.622460,COMP,25.75,25.79,25.81,137900.0,66900.0,0,0
1.0,1.0,1.0,,Welcome to the RITC 2026 Liquidity Risk Case - practice server,Good Luck!,287,2026-02-01 10:17:21.652633,RITC,9.61,9.59,9.6,124600.0,214000.0,0,0
,,,,,,287,2026-02-01 10:17:21.652633,COMP,25.85,25.79,25.85,136800.0,66600.0,0,0
1.0,1.0,1.0,,Welcome to the RITC 2026 Liquidity Risk Case - practice server,Good Luck!,288,2026-02-01 10:17:22.672397,RITC,9.59,9.58,9.59,114800.0,210800.0,0,0
,,,,,,288,2026-02-01 10:17:22.672397,COMP,25.85,25.8,25.85,135600.0,66600.0,0,0
1.0,1.0,1.0,,Welcome to the RITC 2026 Liquidity Risk Case - practice server,Good Luck!,289,2026-02-01 10:17:23.705681,RITC,9.59,9.59,9.6,125700.0,214800.0,0,0
,,,,,,289,2026-02-01 10:17:23.705681,COMP,25.85,25.8,25.85,133700.0,66600.0,0,0
1.0,1.0,1.0,,Welcome to the RITC 2026 Liquidity Risk Case - practice server,Good Luck!,290,2026-02-01 10:17:24.732192,RITC,9.6,9.61,9.62,135300.0,214800.0,0,0
,,,,,,290,2026-02-01 10:17:24.732192,COMP,25.88,25.8,25.88,133700.0,66500.0,0,0
1.0,1.0,1.0,,Welcome to the RITC 2026 Liquidity Risk Case - practice server,Good Luck!,291,2026-02-01 10:17:25.747573,RITC,9.59,9.59,9.62,124700.0,214800.0,0,0
,,,,,,291,2026-02-01 10:17:25.747573,COMP,25.89,25.86,25.89,132500.0,67600.0,0,0
1.0,1.0,1.0,,Welcome to the RITC 2026 Liquidity Risk Case - practice server,Good Luck!,292,2026-02-01 10:17:26.772571,RITC,9.59,9.59,9.6,133200.0,211200.0,0,0
,,,,,,292,2026-02-01 10:17:26.772571,COMP,25.89,25.86,25.89,133200.0,67600.0,0,0
1.0,1.0,1.0,,Welcome to the RITC 2026 Liquidity Risk Case - practice server,Good Luck!,294,2026-02-01 10:17:27.792906,RITC,9.59,9.59,9.6,153800.0,211200.0,0,0
,,,,,,294,2026-02-01 10:17:27.792906,COMP,25.89,25.86,25.89,132600.0,67600.0,0,0
1.0,1.0,1.0,,Welcome to the RITC 2026 Liquidity Risk Case - practice server,Good Luck!,295,2026-02-01 10:17:28.828041,RITC,9.62,9.6,9.62,177500.0,214800.0,0,0
,,,,,,295,2026-02-01 10:17:28.828041,COMP,25.92,25.86,25.92,132600.0,68500.0,0,0
1.0,1.0,1.0,,Welcome to the RITC 2026 Liquidity Risk Case - practice server,Good Luck!,297,2026-02-01 10:17:32.362549,RITC,9.62,9.62,9.63,209100.0,210800.0,0,0
,,,,,,297,2026-02-01 10:17:32.362549,COMP,26.11,26.07,26.11,129400.0,65300.0,0,0
1.0,1.0,1.0,,Welcome to the RITC 2026 Liquidity Risk Case - practice server,Good Luck!,299,2026-02-01 10:17:33.447148,RITC,9.63,9.62,9.63,209100.0,210500.0,0,0
,,,,,,299,2026-02-01 10:17:33.447148,COMP,26.11,26.08,26.11,128800.0,64800.0,0,0
1.0,1.0,1.0,,Welcome to the RITC 2026 Liquidity Risk Case - practice server,Good Luck!,300,2026-02-01 10:17:34.492315,RITC,9.63,9.62,9.63,206200.0,210500.0,0,0
,,,,,,300,2026-02-01 10:17:34.492315,COMP,26.11,26.1,26.11,128600.0,64800.0,0,0
1.0,1.0,1.0,,Welcome to the RITC 2026 Liquidity Risk Case - practice server,Good Luck!,301,2026-02-01 10:17:35.516760,RITC,9.64,9.62,9.64,207400.0,210400.0,0,0
,,,,,,301,2026-02-01 10:17:35.516760,COMP,26.12,26.1,26.12,128600.0,64300.0,0,0
1.0,1.0,1.0,,Welcome to the RITC 2026 Liquidity Risk Case - practice server,Good Luck!,302,2026-02-01 10:17:36.538863,RITC,9.64,9.63,9.64,208300.0,208200.0,0,0
,,,,,,302,2026-02-01 10:17:36.538863,COMP,26.12,26.13,26.17,130100.0,64400.0,0,0
1.0,1.0,1.0,,Welcome to the RITC 2026 Liquidity Risk Case - practice server,Good Luck!,303,2026-02-01 10:17:37.562316,RITC,9.64,9.64,9.65,210900.0,207600.0,0,0
,,,,,,303,2026-02-01 10:17:37.562316,COMP,26.17,26.13,26.17,130100.0,64400.0,0,0
1.0,1.0,1.0,,Welcome to the RITC 2026 Liquidity Risk Case - practice server,Good Luck!,304,2026-02-01 10:17:38.582520,RITC,9.65,9.64,9.65,213000.0,202600.0,0,0
,,,,,,304,2026-02-01 10:17:38.582520,COMP,26.17,26.17,26.25,129600.0,61900.0,0,0
1.0,1.0,1.0,,Welcome to the RITC 2026 Liquidity Risk Case - practice server,Good Luck!,305,2026-02-01 10:17:39.602328,RITC,9.65,9.64,9.65,210400.0,202600.0,0,0
,,,,,,305,2026-02-01 10:17:39.602328,COMP,26.28,26.17,26.28,129600.0,62700.0,0,0
1.0,1.0,1.0,,Welcome to the RITC 2026 Liquidity Risk Case - practice server,Good Luck!,306,2026-02-01 10:17:40.627971,RITC,9.67,9.64,9.67,209300.0,203800.0,0,0
,,,,,,306,2026-02-01 10:17:40.627971,COMP,26.28,26.17,26.28,132000.0,62700.0,0,0
1.0,1.0,1.0,,Welcome to the RITC 2026 Liquidity Risk Case - practice server,Good Luck!,307,2026-02-01 10:17:41.642622,RITC,9.68,9.67,9.68,209000.0,206000.0,0,0
,,,,,,307,2026-02-01 10:17:41.642622,COMP,26.28,26.24,26.28,131500.0,62700.0,0,0
1.0,1.0,1.0,,Welcome to the RITC 2026 Liquidity Risk Case - practice server,Good Luck!,308,2026-02-01 10:17:42.673505,RITC,9.69,9.67,9.69,207900.0,209200.0,0,0
,,,,,,308,2026-02-01 10:17:42.673505,COMP,26.28,26.24,26.28,131500.0,69100.0,0,0
1.0,1.0,1.0,,Welcome to the RITC 2026 Liquidity Risk Case - practice server,Good Luck!,309,2026-02-01 10:17:43.691493,RITC,9.69,9.68,9.69,204000.0,209200.0,0,0
,,,,,,309,2026-02-01 10:17:43.691493,COMP,26.17,26.17,26.28,132100.0,69100.0,0,0
1.0,1.0,1.0,,Welcome to the RITC 2026 Liquidity Risk Case - practice server,Good Luck!,310,2026-02-01 10:17:44.712636,RITC,9.69,9.68,9.69,204300.0,209200.0,0,0
,,,,,,310,2026-02-01 10:17:44.712636,COMP,26.16,26.16,26.28,132900.0,69100.0,0,0
1.0,1.0,1.0,,Welcome to the RITC 2026 Liquidity Risk Case - practice server,Good Luck!,353,2026-02-01 10:18:29.561707,RITC,9.92,9.91,9.92,204900.0,199600.0,0,0
,,,,,,353,2026-02-01 10:18:29.561707,COMP,26.89,26.84,26.89,132800.0,75100.0,0,0
1.0,1.0,1.0,,Welcome to the RITC 2026 Liquidity Risk Case - practice server,Good Luck!,356,2026-02-01 10:18:30.795974,RITC,9.93,9.92,9.93,204700.0,200800.0,0,0
,,,,,,356,2026-02-01 10:18:30.795974,COMP,26.89,26.88,26.89,130500.0,75100.0,0,0
1.0,1.0,1.0,,Welcome to the RITC 2026 Liquidity Risk Case - practice server,Good Luck!,357,2026-02-01 10:18:31.831748,RITC,9.93,9.92,9.93,202200.0,200800.0,0,0
,,,,,,357,2026-02-01 10:18:31.831748,COMP,26.88,26.88,26.89,132100.0,75100.0,0,0
1.0,1.0,1.0,,Welcome to the RITC 2026 Liquidity Risk Case - practice server,Good Luck!,358,2026-02-01 10:18:32.871025,RITC,9.93,9.93,9.94,202900.0,200000.0,0,0
,,,,,,358,2026-02-01 10:18:32.871025,COMP,26.9,26.88,26.9,132100.0,67900.0,0,0
1.0,1.0,1.0,,Welcome to the RITC 2026 Liquidity Risk Case - practice server,Good Luck!,495,2026-02-01 10:54:08.466965,RITC,0.0,10.14,10.15,198900.0,201300.0,0,0
,,,,,,495,2026-02-01 10:54:08.466965,COMP,25.85,25.8,25.85,133900.0,63100.0,0,0
1.0,1.0,1.0,,Welcome to the RITC 2026 Liquidity Risk Case - practice server,Good Luck!,496,2026-02-01 10:54:09.491643,RITC,10.15,10.13,10.15,197100.0,202300.0,0,0
,,,,,,496,2026-02-01 10:54:09.491643,COMP,25.85,25.8,25.85,134900.0,63100.0,0,0
1.0,1.0,1.0,,Welcome to the RITC 2026 Liquidity Risk Case - practice server,Good Luck!,497,2026-02-01 10:54:10.516500,RITC,10.13,10.13,10.15,200300.0,202300.0,0,0
,,,,,,497,2026-02-01 10:54:10.516500,COMP,25.85,25.8,25.85,134900.0,76500.0,0,0
1.0,1.0,1.0,,Welcome to the RITC 2026 Liquidity Risk Case - practice server,Good Luck!,498,2026-02-01 10:54:11.550182,RITC,10.15,10.14,10.15,200300.0,201800.0,0,0
,,,,,,498,2026-02-01 10:54:11.550182,COMP,25.85,25.8,25.85,134900.0,75200.0,0,0
1.0,1.0,1.0,,Welcome to the RITC 2026 Liquidity Risk Case - practice server,Good Luck!,499,2026-02-01 10:54:12.574190,RITC,10.15,10.14,10.15,200300.0,199900.0,0,0
,,,,,,499,2026-02-01 10:54:12.574190,COMP,25.87,25.8,25.87,134900.0,67400.0,0,0
1.0,1.0,1.0,,Welcome to the RITC 2026 Liquidity Risk Case - practice server,Good Luck!,500,2026-02-01 10:54:13.596633,RITC,10.15,10.14,10.15,198900.0,199900.0,0,0
,,,,,,500,2026-02-01 10:54:13.596633,COMP,25.87,25.8,25.85,134900.0,68400.0,0,0
1.0,1.0,1.0,,Welcome to the RITC 2026 Liquidity Risk Case - practice server,Good Luck!,502,2026-02-01 10:54:14.624083,RITC,10.16,10.14,10.16,200000.0,200400.0,0,0
,,,,,,502,2026-02-01 10:54:14.624083,COMP,25.87,25.8,25.85,134400.0,68400.0,0,0
1.0,1.0,1.0,,Welcome to the RITC 2026 Liquidity Risk Case - practice server,Good Luck!,503,2026-02-01 10:54:15.648043,RITC,10.16,10.14,10.16,200000.0,197300.0,0,0
,,,,,,503,2026-02-01 10:54:15.648043,COMP,25.85,25.86,25.88,133000.0,61000.0,0,0
1.0,1.0,1.0,,Welcome to the RITC 2026 Liquidity Risk Case - practice server,Good Luck!,504,2026-02-01 10:54:16.663862,RITC,10.16,10.14,10.16,200200.0,195300.0,0,0
,,,,,,504,2026-02-01 10:54:16.663862,COMP,25.91,25.86,25.91,133000.0,63200.0,0,0
1.0,1.0,1.0,,Welcome to the RITC 2026 Liquidity Risk Case - practice server,Good Luck!,505,2026-02-01 10:54:17.680251,RITC,10.16,10.14,10.16,200200.0,195400.0,0,0
,,,,,,505,2026-02-01 10:54:17.680251,COMP,25.91,25.86,25.88,133000.0,75300.0,0,0
1.0,1.0,1.0,,Welcome to the RITC 2026 Liquidity Risk Case - practice server,Good Luck!,506,2026-02-01 10:54:18.697608,RITC,10.17,10.17,10.19,200500.0,198800.0,0,0
,,,,,,506,2026-02-01 10:54:18.697608,COMP,25.89,25.86,25.89,133000.0,69000.0,0,0
1.0,1.0,1.0,,Welcome to the RITC 2026 Liquidity Risk Case - practice server,Good Luck!,507,2026-02-01 10:54:19.724184,RITC,10.19,10.17,10.19,201100.0,187900.0,0,0
,,,,,,507,2026-02-01 10:54:19.724184,COMP,25.91,25.86,25.91,132100.0,63200.0,0,0
1.0,1.0,1.0,,Welcome to the RITC 2026 Liquidity Risk Case - practice server,Good Luck!,508,2026-02-01 10:54:20.743913,RITC,10.19,10.17,10.18,201100.0,198700.0,0,0
,,,,,,508,2026-02-01 10:54:20.743913,COMP,25.91,25.9,25.91,132600.0,63200.0,0,0
1.0,1.0,1.0,,Welcome to the RITC 2026 Liquidity Risk Case - practice server,Good Luck!,509,2026-02-01 10:54:21.763802,RITC,10.17,10.17,10.18,200900.0,199700.0,0,0
,,,,,,509,2026-02-01 10:54:21.763802,COMP,25.99,25.9,25.99,132600.0,62800.0,0,0
1.0,1.0,1.0,,Welcome to the RITC 2026 Liquidity Risk Case - practice server,Good Luck!,510,2026-02-01 10:54:22.796444,RITC,10.14,10.14,10.18,200200.0,199800.0,0,0
,,,,,,510,2026-02-01 10:54:22.796444,COMP,25.99,25.9,25.99,133300.0,68500.0,0,0
1.0,1.0,1.0,,Welcome to the RITC 2026 Liquidity Risk Case - practice server,Good Luck!,511,2026-02-01 10:54:23.813284,RITC,10.14,10.14,10.16,200200.0,200400.0,0,0
,,,,,,511,2026-02-01 10:54:23.813284,COMP,25.99,25.9,25.99,133300.0,62800.0,0,0
1.0,1.0,1.0,,Welcome to the RITC 2026 Liquidity Risk Case - practice server,Good Luck!,512,2026-02-01 10:54:24.836597,RITC,10.14,10.13,10.14,201200.0,201500.0,0,0
,,,,,,512,2026-02-01 10:54:24.836597,COMP,26.01,25.9,26.01,133300.0,63800.0,0,0
1.0,1.0,1.0,,Welcome to the RITC 2026 Liquidity Risk Case - practice server,Good Luck!,513,2026-02-01 10:54:25.856944,RITC,10.12,10.12,10.14,199600.0,201500.0,0,0
,,,,,,513,2026-02-01 10:54:25.856944,COMP,26.03,25.9,26.02,133300.0,65500.0,0,0
1.0,1.0,1.0,,Welcome to the RITC 2026 Liquidity Risk Case - practice server,Good Luck!,514,2026-02-01 10:54:26.884098,RITC,10.12,10.12,10.14,199600.0,200200.0,0,0
,,,,,,514,2026-02-01 10:54:26.884098,COMP,26.03,25.98,26.02,134600.0,65500.0,0,0
1.0,1.0,1.0,,Welcome to the RITC 2026 Liquidity Risk Case - practice server,Good Luck!,515,2026-02-01 10:54:27.911833,RITC,10.1,10.1,10.14,198500.0,200100.0,0,0
,,,,,,515,2026-02-01 10:54:27.911833,COMP,26.03,25.98,26.02,134000.0,65500.0,0,0
1.0,1.0,1.0,,Welcome to the RITC 2026 Liquidity Risk Case - practice server,Good Luck!,516,2026-02-01 10:54:28.950636,RITC,10.1,10.1,10.11,198500.0,197600.0,0,0
,,,,,,516,2026-02-01 10:54:28.950636,COMP,26.03,25.98,26.02,134000.0,71600.0,0,0
1.0,1.0,1.0,,Welcome to the RITC 2026 Liquidity Risk Case - practice server,Good Luck!,517,2026-02-01 10:54:29.981077,RITC,10.1,10.1,10.11,200000.0,197500.0,0,0
,,,,,,517,2026-02-01 10:54:29.981077,COMP,26.05,25.98,26.05,136200.0,66000.0,0,0
1.0,1.0,1.0,,Welcome to the RITC 2026 Liquidity Risk Case - practice server,Good Luck!,518,2026-02-01 10:54:30.998123,RITC,10.1,10.1,10.11,202400.0,198700.0,0,0
,,,,,,518,2026-02-01 10:54:30.998123,COMP,26.05,25.98,26.03,136200.0,71500.0,0,0
1.0,1.0,1.0,,Welcome to the RITC 2026 Liquidity Risk Case - practice server,Good Luck!,519,2026-02-01 10:54:32.014924,RITC,10.09,10.09,10.11,202400.0,197100.0,0,0
,,,,,,519,2026-02-01 10:54:32.014924,COMP,26.05,26.01,26.03,134700.0,71500.0,0,0
1.0,1.0,1.0,,Welcome to the RITC 2026 Liquidity Risk Case - practice server,Good Luck!,520,2026-02-01 10:54:33.037127,RITC,10.09,10.08,10.09,201000.0,198100.0,0,0
,,,,,,520,2026-02-01 10:54:33.037127,COMP,26.01,26.01,26.05,134700.0,66000.0,0,0
1.0,1.0,1.0,,Welcome to the RITC 2026 Liquidity Risk Case - practice server,Good Luck!,521,2026-02-01 10:54:34.056749,RITC,10.08,10.08,10.09,203400.0,198100.0,0,0
,,,,,,521,2026-02-01 10:54:34.056749,COMP,26.01,26.03,26.05,133400.0,66000.0,0,0
1.0,1.0,1.0,,Welcome to the RITC 2026 Liquidity Risk Case - practice server,Good Luck!,522,2026-02-01 10:54:35.081686,RITC,10.08,10.08,10.09,202100.0,198100.0,0,0
,,,,,,522,2026-02-01 10:54:35.081686,COMP,26.01,25.98,25.99,135300.0,73900.0,0,0
1.0,1.0,1.0,,Welcome to the RITC 2026 Liquidity Risk Case - practice server,Good Luck!,523,2026-02-01 10:54:36.113502,RITC,10.08,10.08,10.09,200200.0,196200.0,0,0
,,,,,,523,2026-02-01 10:54:36.113502,COMP,26.01,25.98,25.99,135300.0,81000.0,0,0
1.0,1.0,1.0,,Welcome to the RITC 2026 Liquidity Risk Case - practice server,Good Luck!,524,2026-02-01 10:54:37.144926,RITC,10.08,10.08,10.09,199900.0,196700.0,0,0
,,,,,,524,2026-02-01 10:54:37.144926,COMP,25.98,25.98,25.99,134400.0,81000.0,0,0
1.0,1.0,1.0,,Welcome to the RITC 2026 Liquidity Risk Case - practice server,Good Luck!,525,2026-02-01 10:54:38.166678,RITC,10.08,10.08,10.09,197700.0,196600.0,0,0
,,,,,,525,2026-02-01 10:54:38.166678,COMP,25.98,25.98,25.99,134800.0,81000.0,0,0
1.0,1.0,1.0,,Welcome to the RITC 2026 Liquidity Risk Case - practice server,Good Luck!,526,2026-02-01 10:54:39.193829,RITC,10.08,10.08,10.09,197800.0,198000.0,0,0
,,,,,,526,2026-02-01 10:54:39.193829,COMP,25.96,25.96,25.99,135700.0,88000.0,0,0
1.0,1.0,1.0,,Welcome to the RITC 2026 Liquidity Risk Case - practice server,Good Luck!,527,2026-02-01 10:54:40.214935,RITC,10.08,10.08,10.09,197800.0,199200.0,0,0
,,,,,,527,2026-02-01 10:54:40.214935,COMP,25.99,25.96,25.99,135700.0,80100.0,0,0
1.0,1.0,1.0,,Welcome to the RITC 2026 Liquidity Risk Case - practice server,Good Luck!,528,2026-02-01 10:54:41.240398,RITC,10.07,10.07,10.09,197000.0,199200.0,0,0
,,,,,,528,2026-02-01 10:54:41.240398,COMP,25.99,25.96,25.99,134900.0,80100.0,0,0
1.0,1.0,1.0,,Welcome to the RITC 2026 Liquidity Risk Case - practice server,Good Luck!,529,2026-02-01 10:54:42.263755,RITC,10.07,10.07,10.09,197000.0,197500.0,0,0
,,,,,,529,2026-02-01 10:54:42.263755,COMP,25.99,25.96,25.99,135400.0,80100.0,0,0
1.0,1.0,1.0,,Welcome to the RITC 2026 Liquidity Risk Case - practice server,Good Luck!,530,2026-02-01 10:54:43.287842,RITC,10.07,10.07,10.08,197000.0,197600.0,0,0
,,,,,,530,2026-02-01 10:54:43.287842,COMP,25.99,25.96,25.99,135400.0,78900.0,0,0
1.0,1.0,1.0,,Welcome to the RITC 2026 Liquidity Risk Case - practice server,Good Luck!,531,2026-02-01 10:54:44.311333,RITC,10.07,10.07,10.08,193900.0,197200.0,0,0
,,,,,,531,2026-02-01 10:54:44.311333,COMP,25.99,25.96,25.99,133800.0,78900.0,0,0
1.0,1.0,1.0,,Welcome to the RITC 2026 Liquidity Risk Case - practice server,Good Luck!,532,2026-02-01 10:54:45.337095,RITC,10.06,10.06,10.08,196200.0,197200.0,0,0
,,,,,,532,2026-02-01 10:54:45.337095,COMP,25.99,26.02,26.05,134200.0,71900.0,0,0
1.0,1.0,1.0,,Welcome to the RITC 2026 Liquidity Risk Case - practice server,Good Luck!,533,2026-02-01 10:54:46.361895,RITC,10.06,10.06,10.08,197000.0,197200.0,0,0
,,,,,,533,2026-02-01 10:54:46.361895,COMP,25.99,26.03,26.05,133700.0,71900.0,0,0
1.0,1.0,1.0,,Welcome to the RITC 2026 Liquidity Risk Case - practice server,Good Luck!,534,2026-02-01 10:54:47.389290,RITC,10.06,10.06,10.07,197000.0,198100.0,0,0
,,,,,,534,2026-02-01 10:54:47.389290,COMP,26.05,26.03,26.05,134000.0,66200.0,0,0
1.0,1.0,1.0,,Welcome to the RITC 2026 Liquidity Risk Case - practice server,Good Luck!,535,2026-02-01 10:54:48.435280,RITC,10.06,10.06,10.07,197000.0,198900.0,0,0
,,,,,,535,2026-02-01 10:54:48.435280,COMP,26.06,26.09,26.13,132200.0,69200.0,0,0
1.0,1.0,1.0,,Welcome to the RITC 2026 Liquidity Risk Case - practice server,Good Luck!,536,2026-02-01 10:54:49.463910,RITC,10.06,10.06,10.07,197000.0,198600.0,0,0
,,,,,,536,2026-02-01 10:54:49.463910,COMP,26.06,26.09,26.13,131500.0,69200.0,0,0
1.0,1.0,1.0,,Welcome to the RITC 2026 Liquidity Risk Case - practice server,Good Luck!,537,2026-02-01 10:54:50.489802,RITC,10.06,10.06,10.07,197000.0,201600.0,0,0
,,,,,,537,2026-02-01 10:54:50.489802,COMP,26.06,26.12,26.13,132400.0,75900.0,0,0
1.0,1.0,1.0,,Welcome to the RITC 2026 Liquidity Risk Case - practice server,Good Luck!,538,2026-02-01 10:54:51.510209,RITC,10.06,10.06,10.07,196300.0,201600.0,0,0
,,,,,,538,2026-02-01 10:54:51.510209,COMP,26.06,26.12,26.13,132400.0,83600.0,0,0
1.0,1.0,1.0,,Welcome to the RITC 2026 Liquidity Risk Case - practice server,Good Luck!,539,2026-02-01 10:54:52.529825,RITC,10.06,10.06,10.07,196300.0,203800.0,0,0
,,,,,,539,2026-02-01 10:54:52.529825,COMP,26.06,26.12,26.13,132200.0,83600.0,0,0
1.0,1.0,1.0,,Welcome to the RITC 2026 Liquidity Risk Case - practice server,Good Luck!,540,2026-02-01 10:54:53.551402,RITC,10.06,10.06,10.07,197400.0,203800.0,0,0
,,,,,,540,2026-02-01 10:54:53.551402,COMP,26.13,26.12,26.13,132200.0,76000.0,0,0
1.0,1.0,1.0,,Welcome to the RITC 2026 Liquidity Risk Case - practice server,Good Luck!,541,2026-02-01 10:54:54.585213,RITC,10.06,10.06,10.07,196300.0,203800.0,0,0
,,,,,,541,2026-02-01 10:54:54.585213,COMP,26.13,26.12,26.13,133500.0,76000.0,0,0
1.0,1.0,1.0,,Welcome to the RITC 2026 Liquidity Risk Case - practice server,Good Luck!,542,2026-02-01 10:54:55.601985,RITC,10.06,10.06,10.07,195000.0,203700.0,0,0
,,,,,,542,2026-02-01 10:54:55.601985,COMP,26.12,26.12,26.17,133500.0,69300.0,0,0
1.0,1.0,1.0,,Welcome to the RITC 2026 Liquidity Risk Case - practice server,Good Luck!,543,2026-02-01 10:54:56.628208,RITC,10.06,10.05,10.06,195100.0,201800.0,0,0
,,,,,,543,2026-02-01 10:54:56.628208,COMP,26.09,26.08,26.09,131800.0,77300.0,0,0
1.0,1.0,1.0,,Welcome to the RITC 2026 Liquidity Risk Case - practice server,Good Luck!,544,2026-02-01 10:54:57.649636,RITC,10.06,10.05,10.06,195100.0,203600.0,0,0
,,,,,,544,2026-02-01 10:54:57.649636,COMP,26.08,26.08,26.09,133300.0,77300.0,0,0
1.0,1.0,1.0,,Welcome to the RITC 2026 Liquidity Risk Case - practice server,Good Luck!,545,2026-02-01 10:54:58.679406,RITC,10.06,10.05,10.06,195100.0,205000.0,0,0
,,,,,,545,2026-02-01 10:54:58.679406,COMP,26.09,26.13,26.17,134600.0,69300.0,0,0
1.0,1.0,1.0,,Welcome to the RITC 2026 Liquidity Risk Case - practice server,Good Luck!,546,2026-02-01 10:54:59.702412,RITC,10.05,10.05,10.06,195100.0,205800.0,0,0
,,,,,,546,2026-02-01 10:54:59.702412,COMP,26.13,26.03,26.11,133300.0,75300.0,0,0
1.0,1.0,1.0,,Welcome to the RITC 2026 Liquidity Risk Case - practice server,Good Luck!,547,2026-02-01 10:55:00.730888,RITC,10.05,10.05,10.06,198400.0,207100.0,0,0
,,,,,,547,2026-02-01 10:55:00.730888,COMP,26.11,26.12,26.17,132300.0,69300.0,0,0
1.0,1.0,1.0,,Welcome to the RITC 2026 Liquidity Risk Case - practice server,Good Luck!,548,2026-02-01 10:55:01.755674,RITC,10.05,10.05,10.06,198400.0,209300.0,0,0
,,,,,,548,2026-02-01 10:55:01.755674,COMP,26.11,26.12,26.14,132300.0,76400.0,0,0
1.0,1.0,1.0,,Welcome to the RITC 2026 Liquidity Risk Case - practice server,Good Luck!,549,2026-02-01 10:55:02.780851,RITC,10.05,10.05,10.06,198400.0,210400.0,0,0
,,,,,,549,2026-02-01 10:55:02.780851,COMP,26.06,26.06,26.14,133300.0,82700.0,0,0
1.0,1.0,1.0,,Welcome to the RITC 2026 Liquidity Risk Case - practice server,Good Luck!,550,2026-02-01 10:55:03.808284,RITC,10.05,10.05,10.06,201800.0,207900.0,0,0
,,,,,,550,2026-02-01 10:55:03.808284,COMP,26.03,26.03,26.14,133300.0,82700.0,0,0
1.0,1.0,1.0,,Welcome to the RITC 2026 Liquidity Risk Case - practice server,Good Luck!,551,2026-02-01 10:55:04.826758,RITC,10.05,10.05,10.06,200400.0,205700.0,0,0
,,,,,,551,2026-02-01 10:55:04.826758,COMP,26.03,26.03,26.05,133300.0,95500.0,0,0
1.0,1.0,1.0,,Welcome to the RITC 2026 Liquidity Risk Case - practice server,Good Luck!,552,2026-02-01 10:55:05.849367,RITC,10.04,10.04,10.06,200900.0,204600.0,0,0
,,,,,,552,2026-02-01 10:55:05.849367,COMP,26.05,26.08,26.1,134500.0,89000.0,0,0
1.0,1.0,1.0,,Welcome to the RITC 2026 Liquidity Risk Case - practice server,Good Luck!,553,2026-02-01 10:55:06.880776,RITC,10.04,10.04,10.05,200900.0,206400.0,0,0
,,,,,,553,2026-02-01 10:55:06.880776,COMP,26.03,26.02,26.03,134400.0,94500.0,0,0
1.0,1.0,1.0,,Welcome to the RITC 2026 Liquidity Risk Case - practice server,Good Luck!,554,2026-02-01 10:55:07.899248,RITC,10.03,10.03,10.04,202200.0,204100.0,0,0
,,,,,,554,2026-02-01 10:55:07.899248,COMP,26.03,26.02,26.03,133000.0,94500.0,0,0
1.0,1.0,1.0,,Welcome to the RITC 2026 Liquidity Risk Case - practice server,Good Luck!,556,2026-02-01 10:55:08.933285,RITC,10.03,10.03,10.04,202400.0,203600.0,0,0
,,,,,,556,2026-02-01 10:55:08.933285,COMP,26.03,26.02,26.03,132000.0,94500.0,0,0
1.0,1.0,1.0,,Welcome to the RITC 2026 Liquidity Risk Case - practice server,Good Luck!,557,2026-02-01 10:55:09.959694,RITC,10.03,10.03,10.04,202400.0,203600.0,0,0
,,,,,,557,2026-02-01 10:55:09.959694,COMP,26.03,26.02,26.03,132000.0,100900.0,0,0
1.0,1.0,1.0,,Welcome to the RITC 2026 Liquidity Risk Case - practice server,Good Luck!,558,2026-02-01 10:55:10.980359,RITC,10.03,10.03,10.04,202400.0,202000.0,0,0
,,,,,,558,2026-02-01 10:55:10.980359,COMP,26.03,26.02,26.03,132000.0,103400.0,0,0
1.0,1.0,1.0,,Welcome to the RITC 2026 Liquidity Risk Case - practice server,Good Luck!,559,2026-02-01 10:55:12.011673,RITC,10.03,10.03,10.04,201100.0,201600.0,0,0
,,,,,,559,2026-02-01 10:55:12.011673,COMP,26.02,26.02,26.1,132000.0,97000.0,0,0
1.0,1.0,1.0,,Welcome to the RITC 2026 Liquidity Risk Case - practice server,Good Luck!,560,2026-02-01 10:55:13.032300,RITC,10.02,10.02,10.04,195700.0,203200.0,0,0
,,,,,,560,2026-02-01 10:55:13.032300,COMP,26.1,26.11,26.14,132900.0,90700.0,0,0
1.0,1.0,1.0,,Welcome to the RITC 2026 Liquidity Risk Case - practice server,Good Luck!,561,2026-02-01 10:55:14.055167,RITC,10.02,10.02,10.04,195700.0,203500.0,0,0
,,,,,,561,2026-02-01 10:55:14.055167,COMP,26.1,26.12,26.14,134000.0,90700.0,0,0
1.0,1.0,1.0,,Welcome to the RITC 2026 Liquidity Risk Case - practice server,Good Luck!,562,2026-02-01 10:55:15.079183,RITC,10.02,10.02,10.04,194500.0,203500.0,0,0
,,,,,,562,2026-02-01 10:55:15.079183,COMP,26.1,26.13,26.14,133800.0,90700.0,0,0
1.0,1.0,1.0,,Welcome to the RITC 2026 Liquidity Risk Case - practice server,Good Luck!,563,2026-02-01 10:55:16.099138,RITC,10.02,10.02,10.04,194100.0,204100.0,0,0
,,,,,,563,2026-02-01 10:55:16.099138,COMP,26.14,26.13,26.14,133800.0,90700.0,0,0
1.0,1.0,1.0,,Welcome to the RITC 2026 Liquidity Risk Case - practice server,Good Luck!,564,2026-02-01 10:55:17.131917,RITC,10.02,10.02,10.03,190700.0,205700.0,0,0
,,,,,,564,2026-02-01 10:55:17.131917,COMP,26.14,26.13,26.14,133800.0,97400.0,0,0
1.0,1.0,1.0,,Welcome to the RITC 2026 Liquidity Risk Case - practice server,Good Luck!,565,2026-02-01 10:55:18.147611,RITC,10.01,10.01,10.03,189700.0,204800.0,0,0
,,,,,,565,2026-02-01 10:55:18.147611,COMP,26.14,26.13,26.14,133900.0,90300.0,0,0
1.0,1.0,1.0,,Welcome to the RITC 2026 Liquidity Risk Case - practice server,Good Luck!,566,2026-02-01 10:55:19.183830,RITC,10.01,10.01,10.03,194500.0,204800.0,0,0
,,,,,,566,2026-02-01 10:55:19.183830,COMP,26.16,26.13,26.16,133900.0,76000.0,0,0
1.0,1.0,1.0,,Welcome to the RITC 2026 Liquidity Risk Case - practice server,Good Luck!,567,2026-02-01 10:55:20.226662,RITC,10.0,10.0,10.01,194700.0,205500.0,0,0
,,,,,,567,2026-02-01 10:55:20.226662,COMP,26.12,26.12,26.16,134900.0,76000.0,0,0
1.0,1.0,1.0,,Welcome to the RITC 2026 Liquidity Risk Case - practice server,Good Luck!,568,2026-02-01 10:55:21.246143,RITC,10.0,10.0,10.01,194700.0,205100.0,0,0
,,,,,,568,2026-02-01 10:55:21.246143,COMP,26.17,26.19,26.22,134100.0,67500.0,0,0
1.0,1.0,1.0,,Welcome to the RITC 2026 Liquidity Risk Case - practice server,Good Luck!,569,2026-02-01 10:55:22.271157,RITC,10.0,10.0,10.01,194100.0,204100.0,0,0
,,,,,,569,2026-02-01 10:55:22.271157,COMP,26.19,26.19,26.22,135500.0,67500.0,0,0
1.0,1.0,1.0,,Welcome to the RITC 2026 Liquidity Risk Case - practice server,Good Luck!,570,2026-02-01 10:55:23.297676,RITC,10.0,10.0,10.01,194100.0,200500.0,0,0
,,,,,,570,2026-02-01 10:55:23.297676,COMP,26.22,26.19,26.22,135500.0,67500.0,0,0
1.0,1.0,1.0,,Welcome to the RITC 2026 Liquidity Risk Case - practice server,Good Luck!,571,2026-02-01 10:55:24.314885,RITC,10.0,10.0,10.01,193700.0,199700.0,0,0
,,,,,,571,2026-02-01 10:55:24.314885,COMP,26.26,26.19,26.26,135500.0,73300.0,0,0
1.0,1.0,1.0,,Welcome to the RITC 2026 Liquidity Risk Case - practice server,Good Luck!,572,2026-02-01 10:55:25.342650,RITC,10.0,10.0,10.01,193600.0,201800.0,0,0
,,,,,,572,2026-02-01 10:55:25.342650,COMP,26.26,26.21,26.26,134700.0,73300.0,0,0
1.0,1.0,1.0,,Welcome to the RITC 2026 Liquidity Risk Case - practice server,Good Luck!,573,2026-02-01 10:55:26.367831,RITC,10.0,9.99,10.0,192200.0,202400.0,0,0
,,,,,,573,2026-02-01 10:55:26.367831,COMP,26.21,26.19,26.26,134300.0,73300.0,0,0
1.0,1.0,1.0,,Welcome to the RITC 2026 Liquidity Risk Case - practice server,Good Luck!,574,2026-02-01 10:55:27.392871,RITC,9.99,9.99,10.0,192200.0,202400.0,0,0
,,,,,,574,2026-02-01 10:55:27.392871,COMP,26.21,26.22,26.26,135300.0,80600.0,0,0
1.0,1.0,1.0,,Welcome to the RITC 2026 Liquidity Risk Case - practice server,Good Luck!,575,2026-02-01 10:55:28.419725,RITC,9.99,9.99,10.0,192000.0,205000.0,0,0
,,,,,,575,2026-02-01 10:55:28.419725,COMP,26.26,26.26,26.29,134000.0,75100.0,0,0
1.0,1.0,1.0,,Welcome to the RITC 2026 Liquidity Risk Case - practice server,Good Luck!,576,2026-02-01 10:55:29.449056,RITC,9.98,9.98,10.0,190100.0,205800.0,0,0
,,,,,,576,2026-02-01 10:55:29.449056,COMP,26.26,26.26,26.29,134300.0,75100.0,0,0
1.0,1.0,1.0,,Welcome to the RITC 2026 Liquidity Risk Case - practice server,Good Luck!,577,2026-02-01 10:55:30.477828,RITC,9.98,9.98,10.0,191800.0,206300.0,0,0
,,,,,,577,2026-02-01 10:55:30.477828,COMP,26.26,26.26,26.28,134300.0,82800.0,0,0
1.0,1.0,1.0,,Welcome to the RITC 2026 Liquidity Risk Case - practice server,Good Luck!,578,2026-02-01 10:55:31.493451,RITC,9.98,9.98,10.0,191300.0,206300.0,0,0
,,,,,,578,2026-02-01 10:55:31.493451,COMP,26.26,26.23,26.25,136100.0,88900.0,0,0
1.0,1.0,1.0,,Welcome to the RITC 2026 Liquidity Risk Case - practice server,Good Luck!,579,2026-02-01 10:55:32.516758,RITC,9.98,9.98,10.0,191300.0,203800.0,0,0
,,,,,,579,2026-02-01 10:55:32.516758,COMP,26.28,26.23,26.28,136100.0,82800.0,0,0
1.0,1.0,1.0,,Welcome to the RITC 2026 Liquidity Risk Case - practice server,Good Luck!,580,2026-02-01 10:55:33.538390,RITC,9.98,9.98,10.0,193800.0,203800.0,0,0
,,,,,,580,2026-02-01 10:55:33.538390,COMP,26.28,26.23,26.28,134800.0,90100.0,0,0
1.0,1.0,1.0,,Welcome to the RITC 2026 Liquidity Risk Case - practice server,Good Luck!,581,2026-02-01 10:55:34.560399,RITC,9.98,9.98,10.0,193800.0,203200.0,0,0
,,,,,,581,2026-02-01 10:55:34.560399,COMP,26.29,26.23,26.29,134800.0,82400.0,0,0
1.0,1.0,1.0,,Welcome to the RITC 2026 Liquidity Risk Case - practice server,Good Luck!,582,2026-02-01 10:55:35.586012,RITC,9.98,9.98,9.99,193800.0,200900.0,0,0
,,,,,,582,2026-02-01 10:55:35.586012,COMP,26.29,26.23,26.29,135900.0,82400.0,0,0
1.0,1.0,1.0,,Welcome to the RITC 2026 Liquidity Risk Case - practice server,Good Luck!,583,2026-02-01 10:55:36.615154,RITC,9.97,9.97,9.99,200800.0,200900.0,0,0
,,,,,,583,2026-02-01 10:55:36.615154,COMP,26.29,26.23,26.29,134000.0,82400.0,0,0
1.0,1.0,1.0,,Welcome to the RITC 2026 Liquidity Risk Case - practice server,Good Luck!,584,2026-02-01 10:55:37.647599,RITC,9.97,9.97,9.99,200800.0,198200.0,0,0
,,,,,,584,2026-02-01 10:55:37.647599,COMP,26.29,26.23,26.26,134000.0,96600.0,0,0
1.0,1.0,1.0,,Welcome to the RITC 2026 Liquidity Risk Case - practice server,Good Luck!,585,2026-02-01 10:55:38.663993,RITC,9.97,9.97,9.99,199600.0,264800.0,0,0
,,,,,,585,2026-02-01 10:55:38.663993,COMP,26.23,26.23,26.26,134000.0,96600.0,0,0
1.0,1.0,1.0,,Welcome to the RITC 2026 Liquidity Risk Case - practice server,Good Luck!,586,2026-02-01 10:55:39.698055,RITC,9.96,9.96,9.97,204600.0,340100.0,0,0
,,,,,,586,2026-02-01 10:55:39.698055,COMP,26.23,26.23,26.25,134000.0,171000.0,0,0
1.0,1.0,1.0,,Welcome to the RITC 2026 Liquidity Risk Case - practice server,Good Luck!,587,2026-02-01 10:55:40.725987,RITC,9.95,9.95,9.97,207900.0,396400.0,0,0
,,,,,,587,2026-02-01 10:55:40.725987,COMP,26.23,26.23,26.25,256400.0,171000.0,0,0
1.0,1.0,1.0,,Welcome to the RITC 2026 Liquidity Risk Case - practice server,Good Luck!,588,2026-02-01 10:55:41.760983,RITC,9.95,9.95,9.97,204000.0,462500.0,0,0
,,,,,,588,2026-02-01 10:55:41.760983,COMP,26.23,26.23,26.25,256400.0,257500.0,0,0
1.0,1.0,1.0,,Welcome to the RITC 2026 Liquidity Risk Case - practice server,Good Luck!,589,2026-02-01 10:55:42.777080,RITC,9.92,9.91,9.92,203200.0,619200.0,0,0
,,,,,,589,2026-02-01 10:55:42.777080,COMP,26.22,26.21,26.22,256100.0,410400.0,0,0
1.0,1.0,1.0,,Welcome to the RITC 2026 Liquidity Risk Case - practice server,Good Luck!,590,2026-02-01 10:55:43.805741,RITC,9.89,9.88,9.89,213300.0,773300.0,0,0
,,,,,,590,2026-02-01 10:55:43.805741,COMP,26.22,26.21,26.22,256100.0,501700.0,0,0
1.0,1.0,1.0,,Welcome to the RITC 2026 Liquidity Risk Case - practice server,Good Luck!,591,2026-02-01 10:55:44.825213,RITC,9.88,9.87,9.88,213900.0,925500.0,0,0
,,,,,,591,2026-02-01 10:55:44.825213,COMP,26.22,26.21,26.22,256100.0,654200.0,0,0
1.0,1.0,1.0,,Welcome to the RITC 2026 Liquidity Risk Case - practice server,Good Luck!,592,2026-02-01 10:55:45.847789,RITC,9.85,9.83,9.84,216800.0,1073800.0,0,0
,,,,,,592,2026-02-01 10:55:45.847789,COMP,26.21,26.21,26.22,255700.0,654200.0,0,0
1.0,1.0,1.0,,Welcome to the RITC 2026 Liquidity Risk Case - practice server,Good Luck!,593,2026-02-01 10:55:46.869353,RITC,9.79,9.79,9.84,161400.0,1151500.0,0,0
,,,,,,593,2026-02-01 10:55:46.869353,COMP,26.24,26.21,26.24,255700.0,522400.0,0,0
1.0,1.0,1.0,,Welcome to the RITC 2026 Liquidity Risk Case - practice server,Good Luck!,594,2026-02-01 10:55:47.885370,RITC,9.79,9.79,9.8,161400.0,1225900.0,0,0
,,,,,,594,2026-02-01 10:55:47.885370,COMP,26.25,26.21,26.25,255700.0,498700.0,0,0
1.0,1.0,1.0,,Welcome to the RITC 2026 Liquidity Risk Case - practice server,Good Luck!,595,2026-02-01 10:55:48.905713,RITC,9.78,9.77,9.78,131200.0,1362200.0,0,0
,,,,,,595,2026-02-01 10:55:48.905713,COMP,26.21,26.19,26.2,193100.0,576400.0,0,0
1.0,1.0,1.0,,Welcome to the RITC 2026 Liquidity Risk Case - practice server,Good Luck!,596,2026-02-01 10:55:49.927265,RITC,9.77,9.76,9.77,108000.0,1503900.0,0,0
,,,,,,596,2026-02-01 10:55:49.927265,COMP,26.17,26.16,26.17,192100.0,704600.0,0,0
1.0,1.0,1.0,,Welcome to the RITC 2026 Liquidity Risk Case - practice server,Good Luck!,597,2026-02-01 10:55:50.956651,RITC,9.77,9.76,9.77,108000.0,1584700.0,0,0
,,,,,,597,2026-02-01 10:55:50.956651,COMP,26.2,26.16,26.2,192100.0,640600.0,0,0
1.0,1.0,1.0,,Welcome to the RITC 2026 Liquidity Risk Case - practice server,Good Luck!,598,2026-02-01 10:55:51.980312,RITC,9.73,9.69,9.73,469000.0,1675300.0,0,0
,,,,,,598,2026-02-01 10:55:51.980312,COMP,26.16,26.13,26.16,133300.0,712000.0,0,0
1.0,1.0,1.0,,Welcome to the RITC 2026 Liquidity Risk Case - practice server,Good Luck!,599,2026-02-01 10:55:52.997035,RITC,9.63,9.63,9.67,687300.0,1673300.0,0,0
,,,,,,599,2026-02-01 10:55:52.997035,COMP,26.09,26.02,26.07,132000.0,772600.0,0,0
